id,pnome
0,Aarika
1,Abagael
2,Abagail
3,Abbe
4,Abbey
5,Abbi
6,Abbie
7,Abby
8,Abbye
9,Abigael
10,Abigail
11,Abigale
12,Abra
13,Ada
14,Adah
15,Adaline
16,Adan
17,Adara
18,Adda
19,Addi
20,Addia
21,Addie
22,Addy
23,Adel
24,Adela
25,Adelaida
26,Adelaide
27,Adele
28,Adelheid
29,Adelice
30,Adelina
31,Adelind
32,Adeline
33,Adella
34,Adelle
35,Adena
36,Adey
37,Adi
38,Adiana
39,Adina
40,Adora
41,Adore
42,Adoree
43,Adorne
44,Adrea
45,Adria
46,Adriaens
47,Adrian
48,Adriana
49,Adriane
50,Adrianna
51,Adrianne
52,Adriena
53,Adrienne
54,Aeriel
55,Aeriela
56,Aeriell
57,Afton
58,Ag
59,Agace
60,Agata
61,Agatha
62,Agathe
63,Aggi
64,Aggie
65,Aggy
66,Agna
67,Agnella
68,Agnes
69,Agnese
70,Agnesse
71,Agneta
72,Agnola
73,Agretha
74,Aida
75,Aidan
76,Aigneis
77,Aila
78,Aile
79,Ailee
80,Aileen
81,Ailene
82,Ailey
83,Aili
84,Ailina
85,Ailis
86,Ailsun
87,Ailyn
88,Aime
89,Aimee
90,Aimil
91,Aindrea
92,Ainslee
93,Ainsley
94,Ainslie
95,Ajay
96,Alaine
97,Alameda
98,Alana
99,Alanah
100,Alane
101,Alanna
102,Alayne
103,Alberta
104,Albertina
105,Albertine
106,Albina
107,Alecia
108,Aleda
109,Aleece
110,Aleen
111,Alejandra
112,Alejandrina
113,Alena
114,Alene
115,Alessandra
116,Aleta
117,Alethea
118,Alex
119,Alexa
120,Alexandra
121,Alexandrina
122,Alexi
123,Alexia
124,Alexina
125,Alexine
126,Alexis
127,Alfi
128,Alfie
129,Alfreda
130,Alfy
131,Ali
132,Alia
133,Alica
134,Alice
135,Alicea
136,Alicia
137,Alida
138,Alidia
139,Alie
140,Alika
141,Alikee
142,Alina
143,Aline
144,Alis
145,Alisa
146,Alisha
147,Alison
148,Alissa
149,Alisun
150,Alix
151,Aliza
152,Alla
153,Alleen
154,Allegra
155,Allene
156,Alli
157,Allianora
158,Allie
159,Allina
160,Allis
161,Allison
162,Allissa
163,Allix
164,Allsun
165,Allx
166,Ally
167,Allyce
168,Allyn
169,Allys
170,Allyson
171,Alma
172,Almeda
173,Almeria
174,Almeta
175,Almira
176,Almire
177,Aloise
178,Aloisia
179,Aloysia
180,Alta
181,Althea
182,Alvera
183,Alverta
184,Alvina
185,Alvinia
186,Alvira
187,Alyce
188,Alyda
189,Alys
190,Alysa
191,Alyse
192,Alysia
193,Alyson
194,Alyss
195,Alyssa
196,Amabel
197,Amabelle
198,Amalea
199,Amalee
200,Amaleta
201,Amalia
202,Amalie
203,Amalita
204,Amalle
205,Amanda
206,Amandi
207,Amandie
208,Amandy
209,Amara
210,Amargo
211,Amata
212,Amber
213,Amberly
214,Ambur
215,Ame
216,Amelia
217,Amelie
218,Amelina
219,Ameline
220,Amelita
221,Ami
222,Amie
223,Amii
224,Amil
225,Amitie
226,Amity
227,Ammamaria
228,Amy
229,Amye
230,Ana
231,Anabal
232,Anabel
233,Anabella
234,Anabelle
235,Analiese
236,Analise
237,Anallese
238,Anallise
239,Anastasia
240,Anastasie
241,Anastassia
242,Anatola
243,Andee
244,Andeee
245,Anderea
246,Andi
247,Andie
248,Andra
249,Andrea
250,Andreana
251,Andree
252,Andrei
253,Andria
254,Andriana
255,Andriette
256,Andromache
257,Andy
258,Anestassia
259,Anet
260,Anett
261,Anetta
262,Anette
263,Ange
264,Angel
265,Angela
266,Angele
267,Angelia
268,Angelica
269,Angelika
270,Angelina
271,Angeline
272,Angelique
273,Angelita
274,Angelle
275,Angie
276,Angil
277,Angy
278,Ania
279,Anica
280,Anissa
281,Anita
282,Anitra
283,Anjanette
284,Anjela
285,Ann
286,Ann-Marie
287,Anna
288,Anna-Diana
289,Anna-Diane
290,Anna-Maria
291,Annabal
292,Annabel
293,Annabela
294,Annabell
295,Annabella
296,Annabelle
297,Annadiana
298,Annadiane
299,Annalee
300,Annaliese
301,Annalise
302,Annamaria
303,Annamarie
304,Anne
305,Anne-Corinne
306,Anne-Marie
307,Annecorinne
308,Anneliese
309,Annelise
310,Annemarie
311,Annetta
312,Annette
313,Anni
314,Annice
315,Annie
316,Annis
317,Annissa
318,Annmaria
319,Annmarie
320,Annnora
321,Annora
322,Anny
323,Anselma
324,Ansley
325,Anstice
326,Anthe
327,Anthea
328,Anthia
329,Anthiathia
330,Antoinette
331,Antonella
332,Antonetta
333,Antonia
334,Antonie
335,Antonietta
336,Antonina
337,Anya
338,Appolonia
339,April
340,Aprilette
341,Ara
342,Arabel
343,Arabela
344,Arabele
345,Arabella
346,Arabelle
347,Arda
348,Ardath
349,Ardeen
350,Ardelia
351,Ardelis
352,Ardella
353,Ardelle
354,Arden
355,Ardene
356,Ardenia
357,Ardine
358,Ardis
359,Ardisj
360,Ardith
361,Ardra
362,Ardyce
363,Ardys
364,Ardyth
365,Aretha
366,Ariadne
367,Ariana
368,Aridatha
369,Ariel
370,Ariela
371,Ariella
372,Arielle
373,Arlana
374,Arlee
375,Arleen
376,Arlen
377,Arlena
378,Arlene
379,Arleta
380,Arlette
381,Arleyne
382,Arlie
383,Arliene
384,Arlina
385,Arlinda
386,Arline
387,Arluene
388,Arly
389,Arlyn
390,Arlyne
391,Aryn
392,Ashely
393,Ashia
394,Ashien
395,Ashil
396,Ashla
397,Ashlan
398,Ashlee
399,Ashleigh
400,Ashlen
401,Ashley
402,Ashli
403,Ashlie
404,Ashly
405,Asia
406,Astra
407,Astrid
408,Astrix
409,Atalanta
410,Athena
411,Athene
412,Atlanta
413,Atlante
414,Auberta
415,Aubine
416,Aubree
417,Aubrette
418,Aubrey
419,Aubrie
420,Aubry
421,Audi
422,Audie
423,Audra
424,Audre
425,Audrey
426,Audrie
427,Audry
428,Audrye
429,Audy
430,Augusta
431,Auguste
432,Augustina
433,Augustine
434,Aundrea
435,Aura
436,Aurea
437,Aurel
438,Aurelea
439,Aurelia
440,Aurelie
441,Auria
442,Aurie
443,Aurilia
444,Aurlie
445,Auroora
446,Aurora
447,Aurore
448,Austin
449,Austina
450,Austine
451,Ava
452,Aveline
453,Averil
454,Averyl
455,Avie
456,Avis
457,Aviva
458,Avivah
459,Avril
460,Avrit
461,Ayn
462,Bab
463,Babara
464,Babb
465,Babbette
466,Babbie
467,Babette
468,Babita
469,Babs
470,Bambi
471,Bambie
472,Bamby
473,Barb
474,Barbabra
475,Barbara
476,Barbara-Anne
477,Barbaraanne
478,Barbe
479,Barbee
480,Barbette
481,Barbey
482,Barbi
483,Barbie
484,Barbra
485,Barby
486,Bari
487,Barrie
488,Barry
489,Basia
490,Bathsheba
491,Batsheva
492,Bea
493,Beatrice
494,Beatrisa
495,Beatrix
496,Beatriz
497,Bebe
498,Becca
499,Becka
500,Becki
501,Beckie
502,Becky
503,Bee
504,Beilul
505,Beitris
506,Bekki
507,Bel
508,Belia
509,Belicia
510,Belinda
511,Belita
512,Bell
513,Bella
514,Bellanca
515,Belle
516,Bellina
517,Belva
518,Belvia
519,Bendite
520,Benedetta
521,Benedicta
522,Benedikta
523,Benetta
524,Benita
525,Benni
526,Bennie
527,Benny
528,Benoite
529,Berenice
530,Beret
531,Berget
532,Berna
533,Bernadene
534,Bernadette
535,Bernadina
536,Bernadine
537,Bernardina
538,Bernardine
539,Bernelle
540,Bernete
541,Bernetta
542,Bernette
543,Berni
544,Bernice
545,Bernie
546,Bernita
547,Berny
548,Berri
549,Berrie
550,Berry
551,Bert
552,Berta
553,Berte
554,Bertha
555,Berthe
556,Berti
557,Bertie
558,Bertina
559,Bertine
560,Berty
561,Beryl
562,Beryle
563,Bess
564,Bessie
565,Bessy
566,Beth
567,Bethanne
568,Bethany
569,Bethena
570,Bethina
571,Betsey
572,Betsy
573,Betta
574,Bette
575,Bette-Ann
576,Betteann
577,Betteanne
578,Betti
579,Bettina
580,Bettine
581,Betty
582,Bettye
583,Beulah
584,Bev
585,Beverie
586,Beverlee
587,Beverley
588,Beverlie
589,Beverly
590,Bevvy
591,Bianca
592,Bianka
593,Bibbie
594,Bibby
595,Bibbye
596,Bibi
597,Biddie
598,Biddy
599,Bidget
600,Bili
601,Bill
602,Billi
603,Billie
604,Billy
605,Billye
606,Binni
607,Binnie
608,Binny
609,Bird
610,Birdie
611,Birgit
612,Birgitta
613,Blair
614,Blaire
615,Blake
616,Blakelee
617,Blakeley
618,Blanca
619,Blanch
620,Blancha
621,Blanche
622,Blinni
623,Blinnie
624,Blinny
625,Bliss
626,Blisse
627,Blithe
628,Blondell
629,Blondelle
630,Blondie
631,Blondy
632,Blythe
633,Bobbe
634,Bobbee
635,Bobbette
636,Bobbi
637,Bobbie
638,Bobby
639,Bobbye
640,Bobette
641,Bobina
642,Bobine
643,Bobinette
644,Bonita
645,Bonnee
646,Bonni
647,Bonnibelle
648,Bonnie
649,Bonny
650,Brana
651,Brandais
652,Brande
653,Brandea
654,Brandi
655,Brandice
656,Brandie
657,Brandise
658,Brandy
659,Breanne
660,Brear
661,Bree
662,Breena
663,Bren
664,Brena
665,Brenda
666,Brenn
667,Brenna
668,Brett
669,Bria
670,Briana
671,Brianna
672,Brianne
673,Bride
674,Bridget
675,Bridgette
676,Bridie
677,Brier
678,Brietta
679,Brigid
680,Brigida
681,Brigit
682,Brigitta
683,Brigitte
684,Brina
685,Briney
686,Brinn
687,Brinna
688,Briny
689,Brit
690,Brita
691,Britney
692,Britni
693,Britt
694,Britta
695,Brittan
696,Brittaney
697,Brittani
698,Brittany
699,Britte
700,Britteny
701,Brittne
702,Brittney
703,Brittni
704,Brook
705,Brooke
706,Brooks
707,Brunhilda
708,Brunhilde
709,Bryana
710,Bryn
711,Bryna
712,Brynn
713,Brynna
714,Brynne
715,Buffy
716,Bunni
717,Bunnie
718,Bunny
719,Cacilia
720,Cacilie
721,Cahra
722,Cairistiona
723,Caitlin
724,Caitrin
725,Cal
726,Calida
727,Calla
728,Calley
729,Calli
730,Callida
731,Callie
732,Cally
733,Calypso
734,Cam
735,Camala
736,Camel
737,Camella
738,Camellia
739,Cami
740,Camila
741,Camile
742,Camilla
743,Camille
744,Cammi
745,Cammie
746,Cammy
747,Candace
748,Candi
749,Candice
750,Candida
751,Candide
752,Candie
753,Candis
754,Candra
755,Candy
756,Caprice
757,Cara
758,Caralie
759,Caren
760,Carena
761,Caresa
762,Caressa
763,Caresse
764,Carey
765,Cari
766,Caria
767,Carie
768,Caril
769,Carilyn
770,Carin
771,Carina
772,Carine
773,Cariotta
774,Carissa
775,Carita
776,Caritta
777,Carla
778,Carlee
779,Carleen
780,Carlen
781,Carlene
782,Carley
783,Carlie
784,Carlin
785,Carlina
786,Carline
787,Carlita
788,Carlota
789,Carlotta
790,Carly
791,Carlye
792,Carlyn
793,Carlynn
794,Carlynne
795,Carma
796,Carmel
797,Carmela
798,Carmelia
799,Carmelina
800,Carmelita
801,Carmella
802,Carmelle
803,Carmen
804,Carmencita
805,Carmina
806,Carmine
807,Carmita
808,Carmon
809,Caro
810,Carol
811,Carol-Jean
812,Carola
813,Carolan
814,Carolann
815,Carole
816,Carolee
817,Carolin
818,Carolina
819,Caroline
820,Caroljean
821,Carolyn
822,Carolyne
823,Carolynn
824,Caron
825,Carree
826,Carri
827,Carrie
828,Carrissa
829,Carroll
830,Carry
831,Cary
832,Caryl
833,Caryn
834,Casandra
835,Casey
836,Casi
837,Casie
838,Cass
839,Cassandra
840,Cassandre
841,Cassandry
842,Cassaundra
843,Cassey
844,Cassi
845,Cassie
846,Cassondra
847,Cassy
848,Catarina
849,Cate
850,Caterina
851,Catha
852,Catharina
853,Catharine
854,Cathe
855,Cathee
856,Catherin
857,Catherina
858,Catherine
859,Cathi
860,Cathie
861,Cathleen
862,Cathlene
863,Cathrin
864,Cathrine
865,Cathryn
866,Cathy
867,Cathyleen
868,Cati
869,Catie
870,Catina
871,Catlaina
872,Catlee
873,Catlin
874,Catrina
875,Catriona
876,Caty
877,Caye
878,Cayla
879,Cecelia
880,Cecil
881,Cecile
882,Ceciley
883,Cecilia
884,Cecilla
885,Cecily
886,Ceil
887,Cele
888,Celene
889,Celesta
890,Celeste
891,Celestia
892,Celestina
893,Celestine
894,Celestyn
895,Celestyna
896,Celia
897,Celie
898,Celina
899,Celinda
900,Celine
901,Celinka
902,Celisse
903,Celka
904,Celle
905,Cesya
906,Chad
907,Chanda
908,Chandal
909,Chandra
910,Channa
911,Chantal
912,Chantalle
913,Charil
914,Charin
915,Charis
916,Charissa
917,Charisse
918,Charita
919,Charity
920,Charla
921,Charlean
922,Charleen
923,Charlena
924,Charlene
925,Charline
926,Charlot
927,Charlotta
928,Charlotte
929,Charmain
930,Charmaine
931,Charmane
932,Charmian
933,Charmine
934,Charmion
935,Charo
936,Charyl
937,Chastity
938,Chelsae
939,Chelsea
940,Chelsey
941,Chelsie
942,Chelsy
943,Cher
944,Chere
945,Cherey
946,Cheri
947,Cherianne
948,Cherice
949,Cherida
950,Cherie
951,Cherilyn
952,Cherilynn
953,Cherin
954,Cherise
955,Cherish
956,Cherlyn
957,Cherri
958,Cherrita
959,Cherry
960,Chery
961,Cherye
962,Cheryl
963,Cheslie
964,Chiarra
965,Chickie
966,Chicky
967,Chiquia
968,Chiquita
969,Chlo
970,Chloe
971,Chloette
972,Chloris
973,Chris
974,Chrissie
975,Chrissy
976,Christa
977,Christabel
978,Christabella
979,Christal
980,Christalle
981,Christan
982,Christean
983,Christel
984,Christen
985,Christi
986,Christian
987,Christiana
988,Christiane
989,Christie
990,Christin
991,Christina
992,Christine
993,Christy
994,Christye
995,Christyna
996,Chrysa
997,Chrysler
998,Chrystal
999,Chryste
1000,Chrystel
1001,Cicely
1002,Cicily
1003,Ciel
1004,Cilka
1005,Cinda
1006,Cindee
1007,Cindelyn
1008,Cinderella
1009,Cindi
1010,Cindie
1011,Cindra
1012,Cindy
1013,Cinnamon
1014,Cissiee
1015,Cissy
1016,Clair
1017,Claire
1018,Clara
1019,Clarabelle
1020,Clare
1021,Claresta
1022,Clareta
1023,Claretta
1024,Clarette
1025,Clarey
1026,Clari
1027,Claribel
1028,Clarice
1029,Clarie
1030,Clarinda
1031,Clarine
1032,Clarissa
1033,Clarisse
1034,Clarita
1035,Clary
1036,Claude
1037,Claudelle
1038,Claudetta
1039,Claudette
1040,Claudia
1041,Claudie
1042,Claudina
1043,Claudine
1044,Clea
1045,Clem
1046,Clemence
1047,Clementia
1048,Clementina
1049,Clementine
1050,Clemmie
1051,Clemmy
1052,Cleo
1053,Cleopatra
1054,Clerissa
1055,Clio
1056,Clo
1057,Cloe
1058,Cloris
1059,Clotilda
1060,Clovis
1061,Codee
1062,Codi
1063,Codie
1064,Cody
1065,Coleen
1066,Colene
1067,Coletta
1068,Colette
1069,Colleen
1070,Collen
1071,Collete
1072,Collette
1073,Collie
1074,Colline
1075,Colly
1076,Con
1077,Concettina
1078,Conchita
1079,Concordia
1080,Conni
1081,Connie
1082,Conny
1083,Consolata
1084,Constance
1085,Constancia
1086,Constancy
1087,Constanta
1088,Constantia
1089,Constantina
1090,Constantine
1091,Consuela
1092,Consuelo
1093,Cookie
1094,Cora
1095,Corabel
1096,Corabella
1097,Corabelle
1098,Coral
1099,Coralie
1100,Coraline
1101,Coralyn
1102,Cordelia
1103,Cordelie
1104,Cordey
1105,Cordi
1106,Cordie
1107,Cordula
1108,Cordy
1109,Coreen
1110,Corella
1111,Corenda
1112,Corene
1113,Coretta
1114,Corette
1115,Corey
1116,Cori
1117,Corie
1118,Corilla
1119,Corina
1120,Corine
1121,Corinna
1122,Corinne
1123,Coriss
1124,Corissa
1125,Corliss
1126,Corly
1127,Cornela
1128,Cornelia
1129,Cornelle
1130,Cornie
1131,Corny
1132,Correna
1133,Correy
1134,Corri
1135,Corrianne
1136,Corrie
1137,Corrina
1138,Corrine
1139,Corrinne
1140,Corry
1141,Cortney
1142,Cory
1143,Cosetta
1144,Cosette
1145,Costanza
1146,Courtenay
1147,Courtnay
1148,Courtney
1149,Crin
1150,Cris
1151,Crissie
1152,Crissy
1153,Crista
1154,Cristabel
1155,Cristal
1156,Cristen
1157,Cristi
1158,Cristie
1159,Cristin
1160,Cristina
1161,Cristine
1162,Cristionna
1163,Cristy
1164,Crysta
1165,Crystal
1166,Crystie
1167,Cthrine
1168,Cyb
1169,Cybil
1170,Cybill
1171,Cymbre
1172,Cynde
1173,Cyndi
1174,Cyndia
1175,Cyndie
1176,Cyndy
1177,Cynthea
1178,Cynthia
1179,Cynthie
1180,Cynthy
1181,Dacey
1182,Dacia
1183,Dacie
1184,Dacy
1185,Dael
1186,Daffi
1187,Daffie
1188,Daffy
1189,Dagmar
1190,Dahlia
1191,Daile
1192,Daisey
1193,Daisi
1194,Daisie
1195,Daisy
1196,Dale
1197,Dalenna
1198,Dalia
1199,Dalila
1200,Dallas
1201,Daloris
1202,Damara
1203,Damaris
1204,Damita
1205,Dana
1206,Danell
1207,Danella
1208,Danette
1209,Dani
1210,Dania
1211,Danica
1212,Danice
1213,Daniela
1214,Daniele
1215,Daniella
1216,Danielle
1217,Danika
1218,Danila
1219,Danit
1220,Danita
1221,Danna
1222,Danni
1223,Dannie
1224,Danny
1225,Dannye
1226,Danya
1227,Danyelle
1228,Danyette
1229,Daphene
1230,Daphna
1231,Daphne
1232,Dara
1233,Darb
1234,Darbie
1235,Darby
1236,Darcee
1237,Darcey
1238,Darci
1239,Darcie
1240,Darcy
1241,Darda
1242,Dareen
1243,Darell
1244,Darelle
1245,Dari
1246,Daria
1247,Darice
1248,Darla
1249,Darleen
1250,Darlene
1251,Darline
1252,Darlleen
1253,Daron
1254,Darrelle
1255,Darryl
1256,Darsey
1257,Darsie
1258,Darya
1259,Daryl
1260,Daryn
1261,Dasha
1262,Dasi
1263,Dasie
1264,Dasya
1265,Datha
1266,Daune
1267,Daveen
1268,Daveta
1269,Davida
1270,Davina
1271,Davine
1272,Davita
1273,Dawn
1274,Dawna
1275,Dayle
1276,Dayna
1277,Ddene
1278,De
1279,Deana
1280,Deane
1281,Deanna
1282,Deanne
1283,Deb
1284,Debbi
1285,Debbie
1286,Debby
1287,Debee
1288,Debera
1289,Debi
1290,Debor
1291,Debora
1292,Deborah
1293,Debra
1294,Dede
1295,Dedie
1296,Dedra
1297,Dee
1298,Dee Dee
1299,Deeann
1300,Deeanne
1301,Deedee
1302,Deena
1303,Deerdre
1304,Deeyn
1305,Dehlia
1306,Deidre
1307,Deina
1308,Deirdre
1309,Del
1310,Dela
1311,Delcina
1312,Delcine
1313,Delia
1314,Delila
1315,Delilah
1316,Delinda
1317,Dell
1318,Della
1319,Delly
1320,Delora
1321,Delores
1322,Deloria
1323,Deloris
1324,Delphine
1325,Delphinia
1326,Demeter
1327,Demetra
1328,Demetria
1329,Demetris
1330,Dena
1331,Deni
1332,Denice
1333,Denise
1334,Denna
1335,Denni
1336,Dennie
1337,Denny
1338,Deny
1339,Denys
1340,Denyse
1341,Deonne
1342,Desdemona
1343,Desirae
1344,Desiree
1345,Desiri
1346,Deva
1347,Devan
1348,Devi
1349,Devin
1350,Devina
1351,Devinne
1352,Devon
1353,Devondra
1354,Devonna
1355,Devonne
1356,Devora
1357,Di
1358,Diahann
1359,Dian
1360,Diana
1361,Diandra
1362,Diane
1363,Diane-Marie
1364,Dianemarie
1365,Diann
1366,Dianna
1367,Dianne
1368,Diannne
1369,Didi
1370,Dido
1371,Diena
1372,Dierdre
1373,Dina
1374,Dinah
1375,Dinnie
1376,Dinny
1377,Dion
1378,Dione
1379,Dionis
1380,Dionne
1381,Dita
1382,Dix
1383,Dixie
1384,Dniren
1385,Dode
1386,Dodi
1387,Dodie
1388,Dody
1389,Doe
1390,Doll
1391,Dolley
1392,Dolli
1393,Dollie
1394,Dolly
1395,Dolores
1396,Dolorita
1397,Doloritas
1398,Domeniga
1399,Dominga
1400,Domini
1401,Dominica
1402,Dominique
1403,Dona
1404,Donella
1405,Donelle
1406,Donetta
1407,Donia
1408,Donica
1409,Donielle
1410,Donna
1411,Donnamarie
1412,Donni
1413,Donnie
1414,Donny
1415,Dora
1416,Doralia
1417,Doralin
1418,Doralyn
1419,Doralynn
1420,Doralynne
1421,Dore
1422,Doreen
1423,Dorelia
1424,Dorella
1425,Dorelle
1426,Dorena
1427,Dorene
1428,Doretta
1429,Dorette
1430,Dorey
1431,Dori
1432,Doria
1433,Dorian
1434,Dorice
1435,Dorie
1436,Dorine
1437,Doris
1438,Dorisa
1439,Dorise
1440,Dorita
1441,Doro
1442,Dorolice
1443,Dorolisa
1444,Dorotea
1445,Doroteya
1446,Dorothea
1447,Dorothee
1448,Dorothy
1449,Dorree
1450,Dorri
1451,Dorrie
1452,Dorris
1453,Dorry
1454,Dorthea
1455,Dorthy
1456,Dory
1457,Dosi
1458,Dot
1459,Doti
1460,Dotti
1461,Dottie
1462,Dotty
1463,Dre
1464,Dreddy
1465,Dredi
1466,Drona
1467,Dru
1468,Druci
1469,Drucie
1470,Drucill
1471,Drucy
1472,Drusi
1473,Drusie
1474,Drusilla
1475,Drusy
1476,Dulce
1477,Dulcea
1478,Dulci
1479,Dulcia
1480,Dulciana
1481,Dulcie
1482,Dulcine
1483,Dulcinea
1484,Dulcy
1485,Dulsea
1486,Dusty
1487,Dyan
1488,Dyana
1489,Dyane
1490,Dyann
1491,Dyanna
1492,Dyanne
1493,Dyna
1494,Dynah
1495,Eachelle
1496,Eada
1497,Eadie
1498,Eadith
1499,Ealasaid
1500,Eartha
1501,Easter
1502,Eba
1503,Ebba
1504,Ebonee
1505,Ebony
1506,Eda
1507,Eddi
1508,Eddie
1509,Eddy
1510,Ede
1511,Edee
1512,Edeline
1513,Eden
1514,Edi
1515,Edie
1516,Edin
1517,Edita
1518,Edith
1519,Editha
1520,Edithe
1521,Ediva
1522,Edna
1523,Edwina
1524,Edy
1525,Edyth
1526,Edythe
1527,Effie
1528,Eileen
1529,Eilis
1530,Eimile
1531,Eirena
1532,Ekaterina
1533,Elaina
1534,Elaine
1535,Elana
1536,Elane
1537,Elayne
1538,Elberta
1539,Elbertina
1540,Elbertine
1541,Eleanor
1542,Eleanora
1543,Eleanore
1544,Electra
1545,Eleen
1546,Elena
1547,Elene
1548,Eleni
1549,Elenore
1550,Eleonora
1551,Eleonore
1552,Elfie
1553,Elfreda
1554,Elfrida
1555,Elfrieda
1556,Elga
1557,Elianora
1558,Elianore
1559,Elicia
1560,Elie
1561,Elinor
1562,Elinore
1563,Elisa
1564,Elisabet
1565,Elisabeth
1566,Elisabetta
1567,Elise
1568,Elisha
1569,Elissa
1570,Elita
1571,Eliza
1572,Elizabet
1573,Elizabeth
1574,Elka
1575,Elke
1576,Ella
1577,Elladine
1578,Elle
1579,Ellen
1580,Ellene
1581,Ellette
1582,Elli
1583,Ellie
1584,Ellissa
1585,Elly
1586,Ellyn
1587,Ellynn
1588,Elmira
1589,Elna
1590,Elnora
1591,Elnore
1592,Eloisa
1593,Eloise
1594,Elonore
1595,Elora
1596,Elsa
1597,Elsbeth
1598,Else
1599,Elset
1600,Elsey
1601,Elsi
1602,Elsie
1603,Elsinore
1604,Elspeth
1605,Elsy
1606,Elva
1607,Elvera
1608,Elvina
1609,Elvira
1610,Elwira
1611,Elyn
1612,Elyse
1613,Elysee
1614,Elysha
1615,Elysia
1616,Elyssa
1617,Em
1618,Ema
1619,Emalee
1620,Emalia
1621,Emelda
1622,Emelia
1623,Emelina
1624,Emeline
1625,Emelita
1626,Emelyne
1627,Emera
1628,Emilee
1629,Emili
1630,Emilia
1631,Emilie
1632,Emiline
1633,Emily
1634,Emlyn
1635,Emlynn
1636,Emlynne
1637,Emma
1638,Emmalee
1639,Emmaline
1640,Emmalyn
1641,Emmalynn
1642,Emmalynne
1643,Emmeline
1644,Emmey
1645,Emmi
1646,Emmie
1647,Emmy
1648,Emmye
1649,Emogene
1650,Emyle
1651,Emylee
1652,Engracia
1653,Enid
1654,Enrica
1655,Enrichetta
1656,Enrika
1657,Enriqueta
1658,Eolanda
1659,Eolande
1660,Eran
1661,Erda
1662,Erena
1663,Erica
1664,Ericha
1665,Ericka
1666,Erika
1667,Erin
1668,Erina
1669,Erinn
1670,Erinna
1671,Erma
1672,Ermengarde
1673,Ermentrude
1674,Ermina
1675,Erminia
1676,Erminie
1677,Erna
1678,Ernaline
1679,Ernesta
1680,Ernestine
1681,Ertha
1682,Eryn
1683,Esma
1684,Esmaria
1685,Esme
1686,Esmeralda
1687,Essa
1688,Essie
1689,Essy
1690,Esta
1691,Estel
1692,Estele
1693,Estell
1694,Estella
1695,Estelle
1696,Ester
1697,Esther
1698,Estrella
1699,Estrellita
1700,Ethel
1701,Ethelda
1702,Ethelin
1703,Ethelind
1704,Etheline
1705,Ethelyn
1706,Ethyl
1707,Etta
1708,Etti
1709,Ettie
1710,Etty
1711,Eudora
1712,Eugenia
1713,Eugenie
1714,Eugine
1715,Eula
1716,Eulalie
1717,Eunice
1718,Euphemia
1719,Eustacia
1720,Eva
1721,Evaleen
1722,Evangelia
1723,Evangelin
1724,Evangelina
1725,Evangeline
1726,Evania
1727,Evanne
1728,Eve
1729,Eveleen
1730,Evelina
1731,Eveline
1732,Evelyn
1733,Evey
1734,Evie
1735,Evita
1736,Evonne
1737,Evvie
1738,Evvy
1739,Evy
1740,Eyde
1741,Eydie
1742,Ezmeralda
1743,Fae
1744,Faina
1745,Faith
1746,Fallon
1747,Fan
1748,Fanchette
1749,Fanchon
1750,Fancie
1751,Fancy
1752,Fanechka
1753,Fania
1754,Fanni
1755,Fannie
1756,Fanny
1757,Fanya
1758,Fara
1759,Farah
1760,Farand
1761,Farica
1762,Farra
1763,Farrah
1764,Farrand
1765,Faun
1766,Faunie
1767,Faustina
1768,Faustine
1769,Fawn
1770,Fawne
1771,Fawnia
1772,Fay
1773,Faydra
1774,Faye
1775,Fayette
1776,Fayina
1777,Fayre
1778,Fayth
1779,Faythe
1780,Federica
1781,Fedora
1782,Felecia
1783,Felicdad
1784,Felice
1785,Felicia
1786,Felicity
1787,Felicle
1788,Felipa
1789,Felisha
1790,Felita
1791,Feliza
1792,Fenelia
1793,Feodora
1794,Ferdinanda
1795,Ferdinande
1796,Fern
1797,Fernanda
1798,Fernande
1799,Fernandina
1800,Ferne
1801,Fey
1802,Fiann
1803,Fianna
1804,Fidela
1805,Fidelia
1806,Fidelity
1807,Fifi
1808,Fifine
1809,Filia
1810,Filide
1811,Filippa
1812,Fina
1813,Fiona
1814,Fionna
1815,Fionnula
1816,Fiorenze
1817,Fleur
1818,Fleurette
1819,Flo
1820,Flor
1821,Flora
1822,Florance
1823,Flore
1824,Florella
1825,Florence
1826,Florencia
1827,Florentia
1828,Florenza
1829,Florette
1830,Flori
1831,Floria
1832,Florida
1833,Florie
1834,Florina
1835,Florinda
1836,Floris
1837,Florri
1838,Florrie
1839,Florry
1840,Flory
1841,Flossi
1842,Flossie
1843,Flossy
1844,Flss
1845,Fran
1846,Francene
1847,Frances
1848,Francesca
1849,Francine
1850,Francisca
1851,Franciska
1852,Francoise
1853,Francyne
1854,Frank
1855,Frankie
1856,Franky
1857,Franni
1858,Frannie
1859,Franny
1860,Frayda
1861,Fred
1862,Freda
1863,Freddi
1864,Freddie
1865,Freddy
1866,Fredelia
1867,Frederica
1868,Fredericka
1869,Frederique
1870,Fredi
1871,Fredia
1872,Fredra
1873,Fredrika
1874,Freida
1875,Frieda
1876,Friederike
1877,Fulvia
1878,Gabbey
1879,Gabbi
1880,Gabbie
1881,Gabey
1882,Gabi
1883,Gabie
1884,Gabriel
1885,Gabriela
1886,Gabriell
1887,Gabriella
1888,Gabrielle
1889,Gabriellia
1890,Gabrila
1891,Gaby
1892,Gae
1893,Gael
1894,Gail
1895,Gale
1896,Galina
1897,Garland
1898,Garnet
1899,Garnette
1900,Gates
1901,Gavra
1902,Gavrielle
1903,Gay
1904,Gaye
1905,Gayel
1906,Gayla
1907,Gayle
1908,Gayleen
1909,Gaylene
1910,Gaynor
1911,Gelya
1912,Gena
1913,Gene
1914,Geneva
1915,Genevieve
1916,Genevra
1917,Genia
1918,Genna
1919,Genni
1920,Gennie
1921,Gennifer
1922,Genny
1923,Genovera
1924,Genvieve
1925,George
1926,Georgeanna
1927,Georgeanne
1928,Georgena
1929,Georgeta
1930,Georgetta
1931,Georgette
1932,Georgia
1933,Georgiana
1934,Georgianna
1935,Georgianne
1936,Georgie
1937,Georgina
1938,Georgine
1939,Geralda
1940,Geraldine
1941,Gerda
1942,Gerhardine
1943,Geri
1944,Gerianna
1945,Gerianne
1946,Gerladina
1947,Germain
1948,Germaine
1949,Germana
1950,Gerri
1951,Gerrie
1952,Gerrilee
1953,Gerry
1954,Gert
1955,Gerta
1956,Gerti
1957,Gertie
1958,Gertrud
1959,Gertruda
1960,Gertrude
1961,Gertrudis
1962,Gerty
1963,Giacinta
1964,Giana
1965,Gianina
1966,Gianna
1967,Gigi
1968,Gilberta
1969,Gilberte
1970,Gilbertina
1971,Gilbertine
1972,Gilda
1973,Gilemette
1974,Gill
1975,Gillan
1976,Gilli
1977,Gillian
1978,Gillie
1979,Gilligan
1980,Gilly
1981,Gina
1982,Ginelle
1983,Ginevra
1984,Ginger
1985,Ginni
1986,Ginnie
1987,Ginnifer
1988,Ginny
1989,Giorgia
1990,Giovanna
1991,Gipsy
1992,Giralda
1993,Gisela
1994,Gisele
1995,Gisella
1996,Giselle
1997,Giuditta
1998,Giulia
1999,Giulietta
2000,Giustina
2001,Gizela
2002,Glad
2003,Gladi
2004,Gladys
2005,Gleda
2006,Glen
2007,Glenda
2008,Glenine
2009,Glenn
2010,Glenna
2011,Glennie
2012,Glennis
2013,Glori
2014,Gloria
2015,Gloriana
2016,Gloriane
2017,Glory
2018,Glyn
2019,Glynda
2020,Glynis
2021,Glynnis
2022,Gnni
2023,Godiva
2024,Golda
2025,Goldarina
2026,Goldi
2027,Goldia
2028,Goldie
2029,Goldina
2030,Goldy
2031,Grace
2032,Gracia
2033,Gracie
2034,Grata
2035,Gratia
2036,Gratiana
2037,Gray
2038,Grayce
2039,Grazia
2040,Greer
2041,Greta
2042,Gretal
2043,Gretchen
2044,Grete
2045,Gretel
2046,Grethel
2047,Gretna
2048,Gretta
2049,Grier
2050,Griselda
2051,Grissel
2052,Guendolen
2053,Guenevere
2054,Guenna
2055,Guglielma
2056,Gui
2057,Guillema
2058,Guillemette
2059,Guinevere
2060,Guinna
2061,Gunilla
2062,Gus
2063,Gusella
2064,Gussi
2065,Gussie
2066,Gussy
2067,Gusta
2068,Gusti
2069,Gustie
2070,Gusty
2071,Gwen
2072,Gwendolen
2073,Gwendolin
2074,Gwendolyn
2075,Gweneth
2076,Gwenette
2077,Gwenneth
2078,Gwenni
2079,Gwennie
2080,Gwenny
2081,Gwenora
2082,Gwenore
2083,Gwyn
2084,Gwyneth
2085,Gwynne
2086,Gypsy
2087,Hadria
2088,Hailee
2089,Haily
2090,Haleigh
2091,Halette
2092,Haley
2093,Hali
2094,Halie
2095,Halimeda
2096,Halley
2097,Halli
2098,Hallie
2099,Hally
2100,Hana
2101,Hanna
2102,Hannah
2103,Hanni
2104,Hannie
2105,Hannis
2106,Hanny
2107,Happy
2108,Harlene
2109,Harley
2110,Harli
2111,Harlie
2112,Harmonia
2113,Harmonie
2114,Harmony
2115,Harri
2116,Harrie
2117,Harriet
2118,Harriett
2119,Harrietta
2120,Harriette
2121,Harriot
2122,Harriott
2123,Hatti
2124,Hattie
2125,Hatty
2126,Hayley
2127,Hazel
2128,Heath
2129,Heather
2130,Heda
2131,Hedda
2132,Heddi
2133,Heddie
2134,Hedi
2135,Hedvig
2136,Hedvige
2137,Hedwig
2138,Hedwiga
2139,Hedy
2140,Heida
2141,Heidi
2142,Heidie
2143,Helaina
2144,Helaine
2145,Helen
2146,Helen-Elizabeth
2147,Helena
2148,Helene
2149,Helenka
2150,Helga
2151,Helge
2152,Helli
2153,Heloise
2154,Helsa
2155,Helyn
2156,Hendrika
2157,Henka
2158,Henrie
2159,Henrieta
2160,Henrietta
2161,Henriette
2162,Henryetta
2163,Hephzibah
2164,Hermia
2165,Hermina
2166,Hermine
2167,Herminia
2168,Hermione
2169,Herta
2170,Hertha
2171,Hester
2172,Hesther
2173,Hestia
2174,Hetti
2175,Hettie
2176,Hetty
2177,Hilary
2178,Hilda
2179,Hildagard
2180,Hildagarde
2181,Hilde
2182,Hildegaard
2183,Hildegarde
2184,Hildy
2185,Hillary
2186,Hilliary
2187,Hinda
2188,Holli
2189,Hollie
2190,Holly
2191,Holly-Anne
2192,Hollyanne
2193,Honey
2194,Honor
2195,Honoria
2196,Hope
2197,Horatia
2198,Hortense
2199,Hortensia
2200,Hulda
2201,Hyacinth
2202,Hyacintha
2203,Hyacinthe
2204,Hyacinthia
2205,Hyacinthie
2206,Hynda
2207,Ianthe
2208,Ibbie
2209,Ibby
2210,Ida
2211,Idalia
2212,Idalina
2213,Idaline
2214,Idell
2215,Idelle
2216,Idette
2217,Ileana
2218,Ileane
2219,Ilene
2220,Ilise
2221,Ilka
2222,Illa
2223,Ilsa
2224,Ilse
2225,Ilysa
2226,Ilyse
2227,Ilyssa
2228,Imelda
2229,Imogen
2230,Imogene
2231,Imojean
2232,Ina
2233,Indira
2234,Ines
2235,Inesita
2236,Inessa
2237,Inez
2238,Inga
2239,Ingaberg
2240,Ingaborg
2241,Inge
2242,Ingeberg
2243,Ingeborg
2244,Inger
2245,Ingrid
2246,Ingunna
2247,Inna
2248,Iolande
2249,Iolanthe
2250,Iona
2251,Iormina
2252,Ira
2253,Irena
2254,Irene
2255,Irina
2256,Iris
2257,Irita
2258,Irma
2259,Isa
2260,Isabel
2261,Isabelita
2262,Isabella
2263,Isabelle
2264,Isadora
2265,Isahella
2266,Iseabal
2267,Isidora
2268,Isis
2269,Isobel
2270,Issi
2271,Issie
2272,Issy
2273,Ivett
2274,Ivette
2275,Ivie
2276,Ivonne
2277,Ivory
2278,Ivy
2279,Izabel
2280,Jacenta
2281,Jacinda
2282,Jacinta
2283,Jacintha
2284,Jacinthe
2285,Jackelyn
2286,Jacki
2287,Jackie
2288,Jacklin
2289,Jacklyn
2290,Jackquelin
2291,Jackqueline
2292,Jacky
2293,Jaclin
2294,Jaclyn
2295,Jacquelin
2296,Jacqueline
2297,Jacquelyn
2298,Jacquelynn
2299,Jacquenetta
2300,Jacquenette
2301,Jacquetta
2302,Jacquette
2303,Jacqui
2304,Jacquie
2305,Jacynth
2306,Jada
2307,Jade
2308,Jaime
2309,Jaimie
2310,Jaine
2311,Jami
2312,Jamie
2313,Jamima
2314,Jammie
2315,Jan
2316,Jana
2317,Janaya
2318,Janaye
2319,Jandy
2320,Jane
2321,Janean
2322,Janeczka
2323,Janeen
2324,Janel
2325,Janela
2326,Janella
2327,Janelle
2328,Janene
2329,Janenna
2330,Janessa
2331,Janet
2332,Janeta
2333,Janetta
2334,Janette
2335,Janeva
2336,Janey
2337,Jania
2338,Janice
2339,Janie
2340,Janifer
2341,Janina
2342,Janine
2343,Janis
2344,Janith
2345,Janka
2346,Janna
2347,Jannel
2348,Jannelle
2349,Janot
2350,Jany
2351,Jaquelin
2352,Jaquelyn
2353,Jaquenetta
2354,Jaquenette
2355,Jaquith
2356,Jasmin
2357,Jasmina
2358,Jasmine
2359,Jayme
2360,Jaymee
2361,Jayne
2362,Jaynell
2363,Jazmin
2364,Jean
2365,Jeana
2366,Jeane
2367,Jeanelle
2368,Jeanette
2369,Jeanie
2370,Jeanine
2371,Jeanna
2372,Jeanne
2373,Jeannette
2374,Jeannie
2375,Jeannine
2376,Jehanna
2377,Jelene
2378,Jemie
2379,Jemima
2380,Jemimah
2381,Jemmie
2382,Jemmy
2383,Jen
2384,Jena
2385,Jenda
2386,Jenelle
2387,Jeni
2388,Jenica
2389,Jeniece
2390,Jenifer
2391,Jeniffer
2392,Jenilee
2393,Jenine
2394,Jenn
2395,Jenna
2396,Jennee
2397,Jennette
2398,Jenni
2399,Jennica
2400,Jennie
2401,Jennifer
2402,Jennilee
2403,Jennine
2404,Jenny
2405,Jeralee
2406,Jere
2407,Jeri
2408,Jermaine
2409,Jerrie
2410,Jerrilee
2411,Jerrilyn
2412,Jerrine
2413,Jerry
2414,Jerrylee
2415,Jess
2416,Jessa
2417,Jessalin
2418,Jessalyn
2419,Jessamine
2420,Jessamyn
2421,Jesse
2422,Jesselyn
2423,Jessi
2424,Jessica
2425,Jessie
2426,Jessika
2427,Jessy
2428,Jewel
2429,Jewell
2430,Jewelle
2431,Jill
2432,Jillana
2433,Jillane
2434,Jillayne
2435,Jilleen
2436,Jillene
2437,Jilli
2438,Jillian
2439,Jillie
2440,Jilly
2441,Jinny
2442,Jo
2443,Jo Ann
2444,Jo-Ann
2445,Jo-Anne
2446,Joan
2447,Joana
2448,Joane
2449,Joanie
2450,Joann
2451,Joanna
2452,Joanne
2453,Joannes
2454,Jobey
2455,Jobi
2456,Jobie
2457,Jobina
2458,Joby
2459,Jobye
2460,Jobyna
2461,Jocelin
2462,Joceline
2463,Jocelyn
2464,Jocelyne
2465,Jodee
2466,Jodi
2467,Jodie
2468,Jody
2469,Joeann
2470,Joela
2471,Joelie
2472,Joell
2473,Joella
2474,Joelle
2475,Joellen
2476,Joelly
2477,Joellyn
2478,Joelynn
2479,Joete
2480,Joey
2481,Johanna
2482,Johannah
2483,Johna
2484,Johnath
2485,Johnette
2486,Johnna
2487,Joice
2488,Jojo
2489,Jolee
2490,Joleen
2491,Jolene
2492,Joletta
2493,Joli
2494,Jolie
2495,Joline
2496,Joly
2497,Jolyn
2498,Jolynn
2499,Jonell
2500,Joni
2501,Jonie
2502,Jonis
2503,Jordain
2504,Jordan
2505,Jordana
2506,Jordanna
2507,Jorey
2508,Jori
2509,Jorie
2510,Jorrie
2511,Jorry
2512,Joscelin
2513,Josee
2514,Josefa
2515,Josefina
2516,Josepha
2517,Josephina
2518,Josephine
2519,Josey
2520,Josi
2521,Josie
2522,Josselyn
2523,Josy
2524,Jourdan
2525,Joy
2526,Joya
2527,Joyan
2528,Joyann
2529,Joyce
2530,Joycelin
2531,Joye
2532,Jsandye
2533,Juana
2534,Juanita
2535,Judi
2536,Judie
2537,Judith
2538,Juditha
2539,Judy
2540,Judye
2541,Juieta
2542,Julee
2543,Juli
2544,Julia
2545,Juliana
2546,Juliane
2547,Juliann
2548,Julianna
2549,Julianne
2550,Julie
2551,Julienne
2552,Juliet
2553,Julieta
2554,Julietta
2555,Juliette
2556,Julina
2557,Juline
2558,Julissa
2559,Julita
2560,June
2561,Junette
2562,Junia
2563,Junie
2564,Junina
2565,Justina
2566,Justine
2567,Justinn
2568,Jyoti
2569,Kacey
2570,Kacie
2571,Kacy
2572,Kaela
2573,Kai
2574,Kaia
2575,Kaila
2576,Kaile
2577,Kailey
2578,Kaitlin
2579,Kaitlyn
2580,Kaitlynn
2581,Kaja
2582,Kakalina
2583,Kala
2584,Kaleena
2585,Kali
2586,Kalie
2587,Kalila
2588,Kalina
2589,Kalinda
2590,Kalindi
2591,Kalli
2592,Kally
2593,Kameko
2594,Kamila
2595,Kamilah
2596,Kamillah
2597,Kandace
2598,Kandy
2599,Kania
2600,Kanya
2601,Kara
2602,Kara-Lynn
2603,Karalee
2604,Karalynn
2605,Kare
2606,Karee
2607,Karel
2608,Karen
2609,Karena
2610,Kari
2611,Karia
2612,Karie
2613,Karil
2614,Karilynn
2615,Karin
2616,Karina
2617,Karine
2618,Kariotta
2619,Karisa
2620,Karissa
2621,Karita
2622,Karla
2623,Karlee
2624,Karleen
2625,Karlen
2626,Karlene
2627,Karlie
2628,Karlotta
2629,Karlotte
2630,Karly
2631,Karlyn
2632,Karmen
2633,Karna
2634,Karol
2635,Karola
2636,Karole
2637,Karolina
2638,Karoline
2639,Karoly
2640,Karon
2641,Karrah
2642,Karrie
2643,Karry
2644,Kary
2645,Karyl
2646,Karylin
2647,Karyn
2648,Kasey
2649,Kass
2650,Kassandra
2651,Kassey
2652,Kassi
2653,Kassia
2654,Kassie
2655,Kat
2656,Kata
2657,Katalin
2658,Kate
2659,Katee
2660,Katerina
2661,Katerine
2662,Katey
2663,Kath
2664,Katha
2665,Katharina
2666,Katharine
2667,Katharyn
2668,Kathe
2669,Katherina
2670,Katherine
2671,Katheryn
2672,Kathi
2673,Kathie
2674,Kathleen
2675,Kathlin
2676,Kathrine
2677,Kathryn
2678,Kathryne
2679,Kathy
2680,Kathye
2681,Kati
2682,Katie
2683,Katina
2684,Katine
2685,Katinka
2686,Katleen
2687,Katlin
2688,Katrina
2689,Katrine
2690,Katrinka
2691,Katti
2692,Kattie
2693,Katuscha
2694,Katusha
2695,Katy
2696,Katya
2697,Kay
2698,Kaycee
2699,Kaye
2700,Kayla
2701,Kayle
2702,Kaylee
2703,Kayley
2704,Kaylil
2705,Kaylyn
2706,Keeley
2707,Keelia
2708,Keely
2709,Kelcey
2710,Kelci
2711,Kelcie
2712,Kelcy
2713,Kelila
2714,Kellen
2715,Kelley
2716,Kelli
2717,Kellia
2718,Kellie
2719,Kellina
2720,Kellsie
2721,Kelly
2722,Kellyann
2723,Kelsey
2724,Kelsi
2725,Kelsy
2726,Kendra
2727,Kendre
2728,Kenna
2729,Keri
2730,Keriann
2731,Kerianne
2732,Kerri
2733,Kerrie
2734,Kerrill
2735,Kerrin
2736,Kerry
2737,Kerstin
2738,Kesley
2739,Keslie
2740,Kessia
2741,Kessiah
2742,Ketti
2743,Kettie
2744,Ketty
2745,Kevina
2746,Kevyn
2747,Ki
2748,Kiah
2749,Kial
2750,Kiele
2751,Kiersten
2752,Kikelia
2753,Kiley
2754,Kim
2755,Kimberlee
2756,Kimberley
2757,Kimberli
2758,Kimberly
2759,Kimberlyn
2760,Kimbra
2761,Kimmi
2762,Kimmie
2763,Kimmy
2764,Kinna
2765,Kip
2766,Kipp
2767,Kippie
2768,Kippy
2769,Kira
2770,Kirbee
2771,Kirbie
2772,Kirby
2773,Kiri
2774,Kirsten
2775,Kirsteni
2776,Kirsti
2777,Kirstin
2778,Kirstyn
2779,Kissee
2780,Kissiah
2781,Kissie
2782,Kit
2783,Kitti
2784,Kittie
2785,Kitty
2786,Kizzee
2787,Kizzie
2788,Klara
2789,Klarika
2790,Klarrisa
2791,Konstance
2792,Konstanze
2793,Koo
2794,Kora
2795,Koral
2796,Koralle
2797,Kordula
2798,Kore
2799,Korella
2800,Koren
2801,Koressa
2802,Kori
2803,Korie
2804,Korney
2805,Korrie
2806,Korry
2807,Kris
2808,Krissie
2809,Krissy
2810,Krista
2811,Kristal
2812,Kristan
2813,Kriste
2814,Kristel
2815,Kristen
2816,Kristi
2817,Kristien
2818,Kristin
2819,Kristina
2820,Kristine
2821,Kristy
2822,Kristyn
2823,Krysta
2824,Krystal
2825,Krystalle
2826,Krystle
2827,Krystyna
2828,Kyla
2829,Kyle
2830,Kylen
2831,Kylie
2832,Kylila
2833,Kylynn
2834,Kym
2835,Kynthia
2836,Kyrstin
2837,La Verne
2838,Lacee
2839,Lacey
2840,Lacie
2841,Lacy
2842,Ladonna
2843,Laetitia
2844,Laina
2845,Lainey
2846,Lana
2847,Lanae
2848,Lane
2849,Lanette
2850,Laney
2851,Lani
2852,Lanie
2853,Lanita
2854,Lanna
2855,Lanni
2856,Lanny
2857,Lara
2858,Laraine
2859,Lari
2860,Larina
2861,Larine
2862,Larisa
2863,Larissa
2864,Lark
2865,Laryssa
2866,Latashia
2867,Latia
2868,Latisha
2869,Latrena
2870,Latrina
2871,Laura
2872,Lauraine
2873,Laural
2874,Lauralee
2875,Laure
2876,Lauree
2877,Laureen
2878,Laurel
2879,Laurella
2880,Lauren
2881,Laurena
2882,Laurene
2883,Lauretta
2884,Laurette
2885,Lauri
2886,Laurianne
2887,Laurice
2888,Laurie
2889,Lauryn
2890,Lavena
2891,Laverna
2892,Laverne
2893,Lavina
2894,Lavinia
2895,Lavinie
2896,Layla
2897,Layne
2898,Layney
2899,Lea
2900,Leah
2901,Leandra
2902,Leann
2903,Leanna
2904,Leanor
2905,Leanora
2906,Lebbie
2907,Leda
2908,Lee
2909,Leeann
2910,Leeanne
2911,Leela
2912,Leelah
2913,Leena
2914,Leesa
2915,Leese
2916,Legra
2917,Leia
2918,Leigh
2919,Leigha
2920,Leila
2921,Leilah
2922,Leisha
2923,Lela
2924,Lelah
2925,Leland
2926,Lelia
2927,Lena
2928,Lenee
2929,Lenette
2930,Lenka
2931,Lenna
2932,Lenora
2933,Lenore
2934,Leodora
2935,Leoine
2936,Leola
2937,Leoline
2938,Leona
2939,Leonanie
2940,Leone
2941,Leonelle
2942,Leonie
2943,Leonora
2944,Leonore
2945,Leontine
2946,Leontyne
2947,Leora
2948,Leshia
2949,Lesley
2950,Lesli
2951,Leslie
2952,Lesly
2953,Lesya
2954,Leta
2955,Lethia
2956,Leticia
2957,Letisha
2958,Letitia
2959,Letizia
2960,Letta
2961,Letti
2962,Lettie
2963,Letty
2964,Lexi
2965,Lexie
2966,Lexine
2967,Lexis
2968,Lexy
2969,Leyla
2970,Lezlie
2971,Lia
2972,Lian
2973,Liana
2974,Liane
2975,Lianna
2976,Lianne
2977,Lib
2978,Libbey
2979,Libbi
2980,Libbie
2981,Libby
2982,Licha
2983,Lida
2984,Lidia
2985,Liesa
2986,Lil
2987,Lila
2988,Lilah
2989,Lilas
2990,Lilia
2991,Lilian
2992,Liliane
2993,Lilias
2994,Lilith
2995,Lilla
2996,Lilli
2997,Lillian
2998,Lillis
2999,Lilllie
3000,Lilly
3001,Lily
3002,Lilyan
3003,Lin
3004,Lina
3005,Lind
3006,Linda
3007,Lindi
3008,Lindie
3009,Lindsay
3010,Lindsey
3011,Lindsy
3012,Lindy
3013,Linea
3014,Linell
3015,Linet
3016,Linette
3017,Linn
3018,Linnea
3019,Linnell
3020,Linnet
3021,Linnie
3022,Linzy
3023,Lira
3024,Lisa
3025,Lisabeth
3026,Lisbeth
3027,Lise
3028,Lisetta
3029,Lisette
3030,Lisha
3031,Lishe
3032,Lissa
3033,Lissi
3034,Lissie
3035,Lissy
3036,Lita
3037,Liuka
3038,Liv
3039,Liva
3040,Livia
3041,Livvie
3042,Livvy
3043,Livvyy
3044,Livy
3045,Liz
3046,Liza
3047,Lizabeth
3048,Lizbeth
3049,Lizette
3050,Lizzie
3051,Lizzy
3052,Loella
3053,Lois
3054,Loise
3055,Lola
3056,Loleta
3057,Lolita
3058,Lolly
3059,Lona
3060,Lonee
3061,Loni
3062,Lonna
3063,Lonni
3064,Lonnie
3065,Lora
3066,Lorain
3067,Loraine
3068,Loralee
3069,Loralie
3070,Loralyn
3071,Loree
3072,Loreen
3073,Lorelei
3074,Lorelle
3075,Loren
3076,Lorena
3077,Lorene
3078,Lorenza
3079,Loretta
3080,Lorette
3081,Lori
3082,Loria
3083,Lorianna
3084,Lorianne
3085,Lorie
3086,Lorilee
3087,Lorilyn
3088,Lorinda
3089,Lorine
3090,Lorita
3091,Lorna
3092,Lorne
3093,Lorraine
3094,Lorrayne
3095,Lorri
3096,Lorrie
3097,Lorrin
3098,Lorry
3099,Lory
3100,Lotta
3101,Lotte
3102,Lotti
3103,Lottie
3104,Lotty
3105,Lou
3106,Louella
3107,Louisa
3108,Louise
3109,Louisette
3110,Loutitia
3111,Lu
3112,Luce
3113,Luci
3114,Lucia
3115,Luciana
3116,Lucie
3117,Lucienne
3118,Lucila
3119,Lucilia
3120,Lucille
3121,Lucina
3122,Lucinda
3123,Lucine
3124,Lucita
3125,Lucky
3126,Lucretia
3127,Lucy
3128,Ludovika
3129,Luella
3130,Luelle
3131,Luisa
3132,Luise
3133,Lula
3134,Lulita
3135,Lulu
3136,Lura
3137,Lurette
3138,Lurleen
3139,Lurlene
3140,Lurline
3141,Lusa
3142,Luz
3143,Lyda
3144,Lydia
3145,Lydie
3146,Lyn
3147,Lynda
3148,Lynde
3149,Lyndel
3150,Lyndell
3151,Lyndsay
3152,Lyndsey
3153,Lyndsie
3154,Lyndy
3155,Lynea
3156,Lynelle
3157,Lynett
3158,Lynette
3159,Lynn
3160,Lynna
3161,Lynne
3162,Lynnea
3163,Lynnell
3164,Lynnelle
3165,Lynnet
3166,Lynnett
3167,Lynnette
3168,Lynsey
3169,Lyssa
3170,Mab
3171,Mabel
3172,Mabelle
3173,Mable
3174,Mada
3175,Madalena
3176,Madalyn
3177,Maddalena
3178,Maddi
3179,Maddie
3180,Maddy
3181,Madel
3182,Madelaine
3183,Madeleine
3184,Madelena
3185,Madelene
3186,Madelin
3187,Madelina
3188,Madeline
3189,Madella
3190,Madelle
3191,Madelon
3192,Madelyn
3193,Madge
3194,Madlen
3195,Madlin
3196,Madonna
3197,Mady
3198,Mae
3199,Maegan
3200,Mag
3201,Magda
3202,Magdaia
3203,Magdalen
3204,Magdalena
3205,Magdalene
3206,Maggee
3207,Maggi
3208,Maggie
3209,Maggy
3210,Mahala
3211,Mahalia
3212,Maia
3213,Maible
3214,Maiga
3215,Maighdiln
3216,Mair
3217,Maire
3218,Maisey
3219,Maisie
3220,Maitilde
3221,Mala
3222,Malanie
3223,Malena
3224,Malia
3225,Malina
3226,Malinda
3227,Malinde
3228,Malissa
3229,Malissia
3230,Mallissa
3231,Mallorie
3232,Mallory
3233,Malorie
3234,Malory
3235,Malva
3236,Malvina
3237,Malynda
3238,Mame
3239,Mamie
3240,Manda
3241,Mandi
3242,Mandie
3243,Mandy
3244,Manon
3245,Manya
3246,Mara
3247,Marabel
3248,Marcela
3249,Marcelia
3250,Marcella
3251,Marcelle
3252,Marcellina
3253,Marcelline
3254,Marchelle
3255,Marci
3256,Marcia
3257,Marcie
3258,Marcile
3259,Marcille
3260,Marcy
3261,Mareah
3262,Maren
3263,Marena
3264,Maressa
3265,Marga
3266,Margalit
3267,Margalo
3268,Margaret
3269,Margareta
3270,Margarete
3271,Margaretha
3272,Margarethe
3273,Margaretta
3274,Margarette
3275,Margarita
3276,Margaux
3277,Marge
3278,Margeaux
3279,Margery
3280,Marget
3281,Margette
3282,Margi
3283,Margie
3284,Margit
3285,Margo
3286,Margot
3287,Margret
3288,Marguerite
3289,Margy
3290,Mari
3291,Maria
3292,Mariam
3293,Marian
3294,Mariana
3295,Mariann
3296,Marianna
3297,Marianne
3298,Maribel
3299,Maribelle
3300,Maribeth
3301,Marice
3302,Maridel
3303,Marie
3304,Marie-Ann
3305,Marie-Jeanne
3306,Marieann
3307,Mariejeanne
3308,Mariel
3309,Mariele
3310,Marielle
3311,Mariellen
3312,Marietta
3313,Mariette
3314,Marigold
3315,Marijo
3316,Marika
3317,Marilee
3318,Marilin
3319,Marillin
3320,Marilyn
3321,Marin
3322,Marina
3323,Marinna
3324,Marion
3325,Mariquilla
3326,Maris
3327,Marisa
3328,Mariska
3329,Marissa
3330,Marita
3331,Maritsa
3332,Mariya
3333,Marj
3334,Marja
3335,Marje
3336,Marji
3337,Marjie
3338,Marjorie
3339,Marjory
3340,Marjy
3341,Marketa
3342,Marla
3343,Marlane
3344,Marleah
3345,Marlee
3346,Marleen
3347,Marlena
3348,Marlene
3349,Marley
3350,Marlie
3351,Marline
3352,Marlo
3353,Marlyn
3354,Marna
3355,Marne
3356,Marney
3357,Marni
3358,Marnia
3359,Marnie
3360,Marquita
3361,Marrilee
3362,Marris
3363,Marrissa
3364,Marsha
3365,Marsiella
3366,Marta
3367,Martelle
3368,Martguerita
3369,Martha
3370,Marthe
3371,Marthena
3372,Marti
3373,Martica
3374,Martie
3375,Martina
3376,Martita
3377,Marty
3378,Martynne
3379,Mary
3380,Marya
3381,Maryann
3382,Maryanna
3383,Maryanne
3384,Marybelle
3385,Marybeth
3386,Maryellen
3387,Maryjane
3388,Maryjo
3389,Maryl
3390,Marylee
3391,Marylin
3392,Marylinda
3393,Marylou
3394,Marylynne
3395,Maryrose
3396,Marys
3397,Marysa
3398,Masha
3399,Matelda
3400,Mathilda
3401,Mathilde
3402,Matilda
3403,Matilde
3404,Matti
3405,Mattie
3406,Matty
3407,Maud
3408,Maude
3409,Maudie
3410,Maura
3411,Maure
3412,Maureen
3413,Maureene
3414,Maurene
3415,Maurine
3416,Maurise
3417,Maurita
3418,Maurizia
3419,Mavis
3420,Mavra
3421,Max
3422,Maxi
3423,Maxie
3424,Maxine
3425,Maxy
3426,May
3427,Maybelle
3428,Maye
3429,Mead
3430,Meade
3431,Meagan
3432,Meaghan
3433,Meara
3434,Mechelle
3435,Meg
3436,Megan
3437,Megen
3438,Meggi
3439,Meggie
3440,Meggy
3441,Meghan
3442,Meghann
3443,Mehetabel
3444,Mei
3445,Mel
3446,Mela
3447,Melamie
3448,Melania
3449,Melanie
3450,Melantha
3451,Melany
3452,Melba
3453,Melesa
3454,Melessa
3455,Melicent
3456,Melina
3457,Melinda
3458,Melinde
3459,Melisa
3460,Melisande
3461,Melisandra
3462,Melisenda
3463,Melisent
3464,Melissa
3465,Melisse
3466,Melita
3467,Melitta
3468,Mella
3469,Melli
3470,Mellicent
3471,Mellie
3472,Mellisa
3473,Mellisent
3474,Melloney
3475,Melly
3476,Melodee
3477,Melodie
3478,Melody
3479,Melonie
3480,Melony
3481,Melosa
3482,Melva
3483,Mercedes
3484,Merci
3485,Mercie
3486,Mercy
3487,Meredith
3488,Meredithe
3489,Meridel
3490,Meridith
3491,Meriel
3492,Merilee
3493,Merilyn
3494,Meris
3495,Merissa
3496,Merl
3497,Merla
3498,Merle
3499,Merlina
3500,Merline
3501,Merna
3502,Merola
3503,Merralee
3504,Merridie
3505,Merrie
3506,Merrielle
3507,Merrile
3508,Merrilee
3509,Merrili
3510,Merrill
3511,Merrily
3512,Merry
3513,Mersey
3514,Meryl
3515,Meta
3516,Mia
3517,Micaela
3518,Michaela
3519,Michaelina
3520,Michaeline
3521,Michaella
3522,Michal
3523,Michel
3524,Michele
3525,Michelina
3526,Micheline
3527,Michell
3528,Michelle
3529,Micki
3530,Mickie
3531,Micky
3532,Midge
3533,Mignon
3534,Mignonne
3535,Miguela
3536,Miguelita
3537,Mikaela
3538,Mil
3539,Mildred
3540,Mildrid
3541,Milena
3542,Milicent
3543,Milissent
3544,Milka
3545,Milli
3546,Millicent
3547,Millie
3548,Millisent
3549,Milly
3550,Milzie
3551,Mimi
3552,Min
3553,Mina
3554,Minda
3555,Mindy
3556,Minerva
3557,Minetta
3558,Minette
3559,Minna
3560,Minnaminnie
3561,Minne
3562,Minni
3563,Minnie
3564,Minnnie
3565,Minny
3566,Minta
3567,Miof Mela
3568,Miquela
3569,Mira
3570,Mirabel
3571,Mirabella
3572,Mirabelle
3573,Miran
3574,Miranda
3575,Mireielle
3576,Mireille
3577,Mirella
3578,Mirelle
3579,Miriam
3580,Mirilla
3581,Mirna
3582,Misha
3583,Missie
3584,Missy
3585,Misti
3586,Misty
3587,Mitzi
3588,Modesta
3589,Modestia
3590,Modestine
3591,Modesty
3592,Moina
3593,Moira
3594,Moll
3595,Mollee
3596,Molli
3597,Mollie
3598,Molly
3599,Mommy
3600,Mona
3601,Monah
3602,Monica
3603,Monika
3604,Monique
3605,Mora
3606,Moreen
3607,Morena
3608,Morgan
3609,Morgana
3610,Morganica
3611,Morganne
3612,Morgen
3613,Moria
3614,Morissa
3615,Morna
3616,Moselle
3617,Moyna
3618,Moyra
3619,Mozelle
3620,Muffin
3621,Mufi
3622,Mufinella
3623,Muire
3624,Mureil
3625,Murial
3626,Muriel
3627,Murielle
3628,Myra
3629,Myrah
3630,Myranda
3631,Myriam
3632,Myrilla
3633,Myrle
3634,Myrlene
3635,Myrna
3636,Myrta
3637,Myrtia
3638,Myrtice
3639,Myrtie
3640,Myrtle
3641,Nada
3642,Nadean
3643,Nadeen
3644,Nadia
3645,Nadine
3646,Nadiya
3647,Nady
3648,Nadya
3649,Nalani
3650,Nan
3651,Nana
3652,Nananne
3653,Nance
3654,Nancee
3655,Nancey
3656,Nanci
3657,Nancie
3658,Nancy
3659,Nanete
3660,Nanette
3661,Nani
3662,Nanice
3663,Nanine
3664,Nannette
3665,Nanni
3666,Nannie
3667,Nanny
3668,Nanon
3669,Naoma
3670,Naomi
3671,Nara
3672,Nari
3673,Nariko
3674,Nat
3675,Nata
3676,Natala
3677,Natalee
3678,Natalie
3679,Natalina
3680,Nataline
3681,Natalya
3682,Natasha
3683,Natassia
3684,Nathalia
3685,Nathalie
3686,Natividad
3687,Natka
3688,Natty
3689,Neala
3690,Neda
3691,Nedda
3692,Nedi
3693,Neely
3694,Neila
3695,Neile
3696,Neilla
3697,Neille
3698,Nelia
3699,Nelie
3700,Nell
3701,Nelle
3702,Nelli
3703,Nellie
3704,Nelly
3705,Nerissa
3706,Nerita
3707,Nert
3708,Nerta
3709,Nerte
3710,Nerti
3711,Nertie
3712,Nerty
3713,Nessa
3714,Nessi
3715,Nessie
3716,Nessy
3717,Nesta
3718,Netta
3719,Netti
3720,Nettie
3721,Nettle
3722,Netty
3723,Nevsa
3724,Neysa
3725,Nichol
3726,Nichole
3727,Nicholle
3728,Nicki
3729,Nickie
3730,Nicky
3731,Nicol
3732,Nicola
3733,Nicole
3734,Nicolea
3735,Nicolette
3736,Nicoli
3737,Nicolina
3738,Nicoline
3739,Nicolle
3740,Nikaniki
3741,Nike
3742,Niki
3743,Nikki
3744,Nikkie
3745,Nikoletta
3746,Nikolia
3747,Nina
3748,Ninetta
3749,Ninette
3750,Ninnetta
3751,Ninnette
3752,Ninon
3753,Nissa
3754,Nisse
3755,Nissie
3756,Nissy
3757,Nita
3758,Nixie
3759,Noami
3760,Noel
3761,Noelani
3762,Noell
3763,Noella
3764,Noelle
3765,Noellyn
3766,Noelyn
3767,Noemi
3768,Nola
3769,Nolana
3770,Nolie
3771,Nollie
3772,Nomi
3773,Nona
3774,Nonah
3775,Noni
3776,Nonie
3777,Nonna
3778,Nonnah
3779,Nora
3780,Norah
3781,Norean
3782,Noreen
3783,Norene
3784,Norina
3785,Norine
3786,Norma
3787,Norri
3788,Norrie
3789,Norry
3790,Novelia
3791,Nydia
3792,Nyssa
3793,Octavia
3794,Odele
3795,Odelia
3796,Odelinda
3797,Odella
3798,Odelle
3799,Odessa
3800,Odetta
3801,Odette
3802,Odilia
3803,Odille
3804,Ofelia
3805,Ofella
3806,Ofilia
3807,Ola
3808,Olenka
3809,Olga
3810,Olia
3811,Olimpia
3812,Olive
3813,Olivette
3814,Olivia
3815,Olivie
3816,Oliy
3817,Ollie
3818,Olly
3819,Olva
3820,Olwen
3821,Olympe
3822,Olympia
3823,Olympie
3824,Ondrea
3825,Oneida
3826,Onida
3827,Oona
3828,Opal
3829,Opalina
3830,Opaline
3831,Ophelia
3832,Ophelie
3833,Ora
3834,Oralee
3835,Oralia
3836,Oralie
3837,Oralla
3838,Oralle
3839,Orel
3840,Orelee
3841,Orelia
3842,Orelie
3843,Orella
3844,Orelle
3845,Oriana
3846,Orly
3847,Orsa
3848,Orsola
3849,Ortensia
3850,Otha
3851,Othelia
3852,Othella
3853,Othilia
3854,Othilie
3855,Ottilie
3856,Page
3857,Paige
3858,Paloma
3859,Pam
3860,Pamela
3861,Pamelina
3862,Pamella
3863,Pammi
3864,Pammie
3865,Pammy
3866,Pandora
3867,Pansie
3868,Pansy
3869,Paola
3870,Paolina
3871,Papagena
3872,Pat
3873,Patience
3874,Patrica
3875,Patrice
3876,Patricia
3877,Patrizia
3878,Patsy
3879,Patti
3880,Pattie
3881,Patty
3882,Paula
3883,Paule
3884,Pauletta
3885,Paulette
3886,Pauli
3887,Paulie
3888,Paulina
3889,Pauline
3890,Paulita
3891,Pauly
3892,Pavia
3893,Pavla
3894,Pearl
3895,Pearla
3896,Pearle
3897,Pearline
3898,Peg
3899,Pegeen
3900,Peggi
3901,Peggie
3902,Peggy
3903,Pen
3904,Penelopa
3905,Penelope
3906,Penni
3907,Pennie
3908,Penny
3909,Pepi
3910,Pepita
3911,Peri
3912,Peria
3913,Perl
3914,Perla
3915,Perle
3916,Perri
3917,Perrine
3918,Perry
3919,Persis
3920,Pet
3921,Peta
3922,Petra
3923,Petrina
3924,Petronella
3925,Petronia
3926,Petronilla
3927,Petronille
3928,Petunia
3929,Phaedra
3930,Phaidra
3931,Phebe
3932,Phedra
3933,Phelia
3934,Phil
3935,Philipa
3936,Philippa
3937,Philippe
3938,Philippine
3939,Philis
3940,Phillida
3941,Phillie
3942,Phillis
3943,Philly
3944,Philomena
3945,Phoebe
3946,Phylis
3947,Phyllida
3948,Phyllis
3949,Phyllys
3950,Phylys
3951,Pia
3952,Pier
3953,Pierette
3954,Pierrette
3955,Pietra
3956,Piper
3957,Pippa
3958,Pippy
3959,Polly
3960,Pollyanna
3961,Pooh
3962,Poppy
3963,Portia
3964,Pris
3965,Prisca
3966,Priscella
3967,Priscilla
3968,Prissie
3969,Pru
3970,Prudence
3971,Prudi
3972,Prudy
3973,Prue
3974,Queenie
3975,Quentin
3976,Querida
3977,Quinn
3978,Quinta
3979,Quintana
3980,Quintilla
3981,Quintina
3982,Rachael
3983,Rachel
3984,Rachele
3985,Rachelle
3986,Rae
3987,Raeann
3988,Raf
3989,Rafa
3990,Rafaela
3991,Rafaelia
3992,Rafaelita
3993,Rahal
3994,Rahel
3995,Raina
3996,Raine
3997,Rakel
3998,Ralina
3999,Ramona
4000,Ramonda
4001,Rana
4002,Randa
4003,Randee
4004,Randene
4005,Randi
4006,Randie
4007,Randy
4008,Ranee
4009,Rani
4010,Rania
4011,Ranice
4012,Ranique
4013,Ranna
4014,Raphaela
4015,Raquel
4016,Raquela
4017,Rasia
4018,Rasla
4019,Raven
4020,Ray
4021,Raychel
4022,Raye
4023,Rayna
4024,Raynell
4025,Rayshell
4026,Rea
4027,Reba
4028,Rebbecca
4029,Rebe
4030,Rebeca
4031,Rebecca
4032,Rebecka
4033,Rebeka
4034,Rebekah
4035,Rebekkah
4036,Ree
4037,Reeba
4038,Reena
4039,Reeta
4040,Reeva
4041,Regan
4042,Reggi
4043,Reggie
4044,Regina
4045,Regine
4046,Reiko
4047,Reina
4048,Reine
4049,Remy
4050,Rena
4051,Renae
4052,Renata
4053,Renate
4054,Rene
4055,Renee
4056,Renell
4057,Renelle
4058,Renie
4059,Rennie
4060,Reta
4061,Retha
4062,Revkah
4063,Rey
4064,Reyna
4065,Rhea
4066,Rheba
4067,Rheta
4068,Rhetta
4069,Rhiamon
4070,Rhianna
4071,Rhianon
4072,Rhoda
4073,Rhodia
4074,Rhodie
4075,Rhody
4076,Rhona
4077,Rhonda
4078,Riane
4079,Riannon
4080,Rianon
4081,Rica
4082,Ricca
4083,Rici
4084,Ricki
4085,Rickie
4086,Ricky
4087,Riki
4088,Rikki
4089,Rina
4090,Risa
4091,Rita
4092,Riva
4093,Rivalee
4094,Rivi
4095,Rivkah
4096,Rivy
4097,Roana
4098,Roanna
4099,Roanne
4100,Robbi
4101,Robbie
4102,Robbin
4103,Robby
4104,Robbyn
4105,Robena
4106,Robenia
4107,Roberta
4108,Robin
4109,Robina
4110,Robinet
4111,Robinett
4112,Robinetta
4113,Robinette
4114,Robinia
4115,Roby
4116,Robyn
4117,Roch
4118,Rochell
4119,Rochella
4120,Rochelle
4121,Rochette
4122,Roda
4123,Rodi
4124,Rodie
4125,Rodina
4126,Rois
4127,Romola
4128,Romona
4129,Romonda
4130,Romy
4131,Rona
4132,Ronalda
4133,Ronda
4134,Ronica
4135,Ronna
4136,Ronni
4137,Ronnica
4138,Ronnie
4139,Ronny
4140,Roobbie
4141,Rora
4142,Rori
4143,Rorie
4144,Rory
4145,Ros
4146,Rosa
4147,Rosabel
4148,Rosabella
4149,Rosabelle
4150,Rosaleen
4151,Rosalia
4152,Rosalie
4153,Rosalind
4154,Rosalinda
4155,Rosalinde
4156,Rosaline
4157,Rosalyn
4158,Rosalynd
4159,Rosamond
4160,Rosamund
4161,Rosana
4162,Rosanna
4163,Rosanne
4164,Rose
4165,Roseann
4166,Roseanna
4167,Roseanne
4168,Roselia
4169,Roselin
4170,Roseline
4171,Rosella
4172,Roselle
4173,Rosemaria
4174,Rosemarie
4175,Rosemary
4176,Rosemonde
4177,Rosene
4178,Rosetta
4179,Rosette
4180,Roshelle
4181,Rosie
4182,Rosina
4183,Rosita
4184,Roslyn
4185,Rosmunda
4186,Rosy
4187,Row
4188,Rowe
4189,Rowena
4190,Roxana
4191,Roxane
4192,Roxanna
4193,Roxanne
4194,Roxi
4195,Roxie
4196,Roxine
4197,Roxy
4198,Roz
4199,Rozalie
4200,Rozalin
4201,Rozamond
4202,Rozanna
4203,Rozanne
4204,Roze
4205,Rozele
4206,Rozella
4207,Rozelle
4208,Rozina
4209,Rubetta
4210,Rubi
4211,Rubia
4212,Rubie
4213,Rubina
4214,Ruby
4215,Ruperta
4216,Ruth
4217,Ruthann
4218,Ruthanne
4219,Ruthe
4220,Ruthi
4221,Ruthie
4222,Ruthy
4223,Ryann
4224,Rycca
4225,Saba
4226,Sabina
4227,Sabine
4228,Sabra
4229,Sabrina
4230,Sacha
4231,Sada
4232,Sadella
4233,Sadie
4234,Sadye
4235,Saidee
4236,Sal
4237,Salaidh
4238,Sallee
4239,Salli
4240,Sallie
4241,Sally
4242,Sallyann
4243,Sallyanne
4244,Saloma
4245,Salome
4246,Salomi
4247,Sam
4248,Samantha
4249,Samara
4250,Samaria
4251,Sammy
4252,Sande
4253,Sandi
4254,Sandie
4255,Sandra
4256,Sandy
4257,Sandye
4258,Sapphira
4259,Sapphire
4260,Sara
4261,Sara-Ann
4262,Saraann
4263,Sarah
4264,Sarajane
4265,Saree
4266,Sarena
4267,Sarene
4268,Sarette
4269,Sari
4270,Sarina
4271,Sarine
4272,Sarita
4273,Sascha
4274,Sasha
4275,Sashenka
4276,Saudra
4277,Saundra
4278,Savina
4279,Sayre
4280,Scarlet
4281,Scarlett
4282,Sean
4283,Seana
4284,Seka
4285,Sela
4286,Selena
4287,Selene
4288,Selestina
4289,Selia
4290,Selie
4291,Selina
4292,Selinda
4293,Seline
4294,Sella
4295,Selle
4296,Selma
4297,Sena
4298,Sephira
4299,Serena
4300,Serene
4301,Shae
4302,Shaina
4303,Shaine
4304,Shalna
4305,Shalne
4306,Shana
4307,Shanda
4308,Shandee
4309,Shandeigh
4310,Shandie
4311,Shandra
4312,Shandy
4313,Shane
4314,Shani
4315,Shanie
4316,Shanna
4317,Shannah
4318,Shannen
4319,Shannon
4320,Shanon
4321,Shanta
4322,Shantee
4323,Shara
4324,Sharai
4325,Shari
4326,Sharia
4327,Sharity
4328,Sharl
4329,Sharla
4330,Sharleen
4331,Sharlene
4332,Sharline
4333,Sharon
4334,Sharona
4335,Sharron
4336,Sharyl
4337,Shaun
4338,Shauna
4339,Shawn
4340,Shawna
4341,Shawnee
4342,Shay
4343,Shayla
4344,Shaylah
4345,Shaylyn
4346,Shaylynn
4347,Shayna
4348,Shayne
4349,Shea
4350,Sheba
4351,Sheela
4352,Sheelagh
4353,Sheelah
4354,Sheena
4355,Sheeree
4356,Sheila
4357,Sheila-Kathryn
4358,Sheilah
4359,Shel
4360,Shela
4361,Shelagh
4362,Shelba
4363,Shelbi
4364,Shelby
4365,Shelia
4366,Shell
4367,Shelley
4368,Shelli
4369,Shellie
4370,Shelly
4371,Shena
4372,Sher
4373,Sheree
4374,Sheri
4375,Sherie
4376,Sherill
4377,Sherilyn
4378,Sherline
4379,Sherri
4380,Sherrie
4381,Sherry
4382,Sherye
4383,Sheryl
4384,Shina
4385,Shir
4386,Shirl
4387,Shirlee
4388,Shirleen
4389,Shirlene
4390,Shirley
4391,Shirline
4392,Shoshana
4393,Shoshanna
4394,Siana
4395,Sianna
4396,Sib
4397,Sibbie
4398,Sibby
4399,Sibeal
4400,Sibel
4401,Sibella
4402,Sibelle
4403,Sibilla
4404,Sibley
4405,Sibyl
4406,Sibylla
4407,Sibylle
4408,Sidoney
4409,Sidonia
4410,Sidonnie
4411,Sigrid
4412,Sile
4413,Sileas
4414,Silva
4415,Silvana
4416,Silvia
4417,Silvie
4418,Simona
4419,Simone
4420,Simonette
4421,Simonne
4422,Sindee
4423,Siobhan
4424,Sioux
4425,Siouxie
4426,Sisely
4427,Sisile
4428,Sissie
4429,Sissy
4430,Siusan
4431,Sofia
4432,Sofie
4433,Sondra
4434,Sonia
4435,Sonja
4436,Sonni
4437,Sonnie
4438,Sonnnie
4439,Sonny
4440,Sonya
4441,Sophey
4442,Sophi
4443,Sophia
4444,Sophie
4445,Sophronia
4446,Sorcha
4447,Sosanna
4448,Stace
4449,Stacee
4450,Stacey
4451,Staci
4452,Stacia
4453,Stacie
4454,Stacy
4455,Stafani
4456,Star
4457,Starla
4458,Starlene
4459,Starlin
4460,Starr
4461,Stefa
4462,Stefania
4463,Stefanie
4464,Steffane
4465,Steffi
4466,Steffie
4467,Stella
4468,Stepha
4469,Stephana
4470,Stephani
4471,Stephanie
4472,Stephannie
4473,Stephenie
4474,Stephi
4475,Stephie
4476,Stephine
4477,Stesha
4478,Stevana
4479,Stevena
4480,Stoddard
4481,Storm
4482,Stormi
4483,Stormie
4484,Stormy
4485,Sue
4486,Suellen
4487,Sukey
4488,Suki
4489,Sula
4490,Sunny
4491,Sunshine
4492,Susan
4493,Susana
4494,Susanetta
4495,Susann
4496,Susanna
4497,Susannah
4498,Susanne
4499,Susette
4500,Susi
4501,Susie
4502,Susy
4503,Suzann
4504,Suzanna
4505,Suzanne
4506,Suzette
4507,Suzi
4508,Suzie
4509,Suzy
4510,Sybil
4511,Sybila
4512,Sybilla
4513,Sybille
4514,Sybyl
4515,Sydel
4516,Sydelle
4517,Sydney
4518,Sylvia
4519,Tabatha
4520,Tabbatha
4521,Tabbi
4522,Tabbie
4523,Tabbitha
4524,Tabby
4525,Tabina
4526,Tabitha
4527,Taffy
4528,Talia
4529,Tallia
4530,Tallie
4531,Tallou
4532,Tallulah
4533,Tally
4534,Talya
4535,Talyah
4536,Tamar
4537,Tamara
4538,Tamarah
4539,Tamarra
4540,Tamera
4541,Tami
4542,Tamiko
4543,Tamma
4544,Tammara
4545,Tammi
4546,Tammie
4547,Tammy
4548,Tamqrah
4549,Tamra
4550,Tana
4551,Tandi
4552,Tandie
4553,Tandy
4554,Tanhya
4555,Tani
4556,Tania
4557,Tanitansy
4558,Tansy
4559,Tanya
4560,Tara
4561,Tarah
4562,Tarra
4563,Tarrah
4564,Taryn
4565,Tasha
4566,Tasia
4567,Tate
4568,Tatiana
4569,Tatiania
4570,Tatum
4571,Tawnya
4572,Tawsha
4573,Ted
4574,Tedda
4575,Teddi
4576,Teddie
4577,Teddy
4578,Tedi
4579,Tedra
4580,Teena
4581,TEirtza
4582,Teodora
4583,Tera
4584,Teresa
4585,Terese
4586,Teresina
4587,Teresita
4588,Teressa
4589,Teri
4590,Teriann
4591,Terra
4592,Terri
4593,Terrie
4594,Terrijo
4595,Terry
4596,Terrye
4597,Tersina
4598,Terza
4599,Tess
4600,Tessa
4601,Tessi
4602,Tessie
4603,Tessy
4604,Thalia
4605,Thea
4606,Theadora
4607,Theda
4608,Thekla
4609,Thelma
4610,Theo
4611,Theodora
4612,Theodosia
4613,Theresa
4614,Therese
4615,Theresina
4616,Theresita
4617,Theressa
4618,Therine
4619,Thia
4620,Thomasa
4621,Thomasin
4622,Thomasina
4623,Thomasine
4624,Tiena
4625,Tierney
4626,Tiertza
4627,Tiff
4628,Tiffani
4629,Tiffanie
4630,Tiffany
4631,Tiffi
4632,Tiffie
4633,Tiffy
4634,Tilda
4635,Tildi
4636,Tildie
4637,Tildy
4638,Tillie
4639,Tilly
4640,Tim
4641,Timi
4642,Timmi
4643,Timmie
4644,Timmy
4645,Timothea
4646,Tina
4647,Tine
4648,Tiphani
4649,Tiphanie
4650,Tiphany
4651,Tish
4652,Tisha
4653,Tobe
4654,Tobey
4655,Tobi
4656,Toby
4657,Tobye
4658,Toinette
4659,Toma
4660,Tomasina
4661,Tomasine
4662,Tomi
4663,Tommi
4664,Tommie
4665,Tommy
4666,Toni
4667,Tonia
4668,Tonie
4669,Tony
4670,Tonya
4671,Tonye
4672,Tootsie
4673,Torey
4674,Tori
4675,Torie
4676,Torrie
4677,Tory
4678,Tova
4679,Tove
4680,Tracee
4681,Tracey
4682,Traci
4683,Tracie
4684,Tracy
4685,Trenna
4686,Tresa
4687,Trescha
4688,Tressa
4689,Tricia
4690,Trina
4691,Trish
4692,Trisha
4693,Trista
4694,Trix
4695,Trixi
4696,Trixie
4697,Trixy
4698,Truda
4699,Trude
4700,Trudey
4701,Trudi
4702,Trudie
4703,Trudy
4704,Trula
4705,Tuesday
4706,Twila
4707,Twyla
4708,Tybi
4709,Tybie
4710,Tyne
4711,Ula
4712,Ulla
4713,Ulrica
4714,Ulrika
4715,Ulrikaumeko
4716,Ulrike
4717,Umeko
4718,Una
4719,Ursa
4720,Ursala
4721,Ursola
4722,Ursula
4723,Ursulina
4724,Ursuline
4725,Uta
4726,Val
4727,Valaree
4728,Valaria
4729,Vale
4730,Valeda
4731,Valencia
4732,Valene
4733,Valenka
4734,Valentia
4735,Valentina
4736,Valentine
4737,Valera
4738,Valeria
4739,Valerie
4740,Valery
4741,Valerye
4742,Valida
4743,Valina
4744,Valli
4745,Vallie
4746,Vally
4747,Valma
4748,Valry
4749,Van
4750,Vanda
4751,Vanessa
4752,Vania
4753,Vanna
4754,Vanni
4755,Vannie
4756,Vanny
4757,Vanya
4758,Veda
4759,Velma
4760,Velvet
4761,Venita
4762,Venus
4763,Vera
4764,Veradis
4765,Vere
4766,Verena
4767,Verene
4768,Veriee
4769,Verile
4770,Verina
4771,Verine
4772,Verla
4773,Verna
4774,Vernice
4775,Veronica
4776,Veronika
4777,Veronike
4778,Veronique
4779,Vevay
4780,Vi
4781,Vicki
4782,Vickie
4783,Vicky
4784,Victoria
4785,Vida
4786,Viki
4787,Vikki
4788,Vikky
4789,Vilhelmina
4790,Vilma
4791,Vin
4792,Vina
4793,Vinita
4794,Vinni
4795,Vinnie
4796,Vinny
4797,Viola
4798,Violante
4799,Viole
4800,Violet
4801,Violetta
4802,Violette
4803,Virgie
4804,Virgina
4805,Virginia
4806,Virginie
4807,Vita
4808,Vitia
4809,Vitoria
4810,Vittoria
4811,Viv
4812,Viva
4813,Vivi
4814,Vivia
4815,Vivian
4816,Viviana
4817,Vivianna
4818,Vivianne
4819,Vivie
4820,Vivien
4821,Viviene
4822,Vivienne
4823,Viviyan
4824,Vivyan
4825,Vivyanne
4826,Vonni
4827,Vonnie
4828,Vonny
4829,Vyky
4830,Wallie
4831,Wallis
4832,Walliw
4833,Wally
4834,Waly
4835,Wanda
4836,Wandie
4837,Wandis
4838,Waneta
4839,Wanids
4840,Wenda
4841,Wendeline
4842,Wendi
4843,Wendie
4844,Wendy
4845,Wendye
4846,Wenona
4847,Wenonah
4848,Whitney
4849,Wileen
4850,Wilhelmina
4851,Wilhelmine
4852,Wilie
4853,Willa
4854,Willabella
4855,Willamina
4856,Willetta
4857,Willette
4858,Willi
4859,Willie
4860,Willow
4861,Willy
4862,Willyt
4863,Wilma
4864,Wilmette
4865,Wilona
4866,Wilone
4867,Wilow
4868,Windy
4869,Wini
4870,Winifred
4871,Winna
4872,Winnah
4873,Winne
4874,Winni
4875,Winnie
4876,Winnifred
4877,Winny
4878,Winona
4879,Winonah
4880,Wren
4881,Wrennie
4882,Wylma
4883,Wynn
4884,Wynne
4885,Wynnie
4886,Wynny
4887,Xaviera
4888,Xena
4889,Xenia
4890,Xylia
4891,Xylina
4892,Yalonda
4893,Yasmeen
4894,Yasmin
4895,Yelena
4896,Yetta
4897,Yettie
4898,Yetty
4899,Yevette
4900,Ynes
4901,Ynez
4902,Yoko
4903,Yolanda
4904,Yolande
4905,Yolane
4906,Yolanthe
4907,Yoshi
4908,Yoshiko
4909,Yovonnda
4910,Ysabel
4911,Yvette
4912,Yvonne
4913,Zabrina
4914,Zahara
4915,Zandra
4916,Zaneta
4917,Zara
4918,Zarah
4919,Zaria
4920,Zarla
4921,Zea
4922,Zelda
4923,Zelma
4924,Zena
4925,Zenia
4926,Zia
4927,Zilvia
4928,Zita
4929,Zitella
4930,Zoe
4931,Zola
4932,Zonda
4933,Zondra
4934,Zonnya
4935,Zora
4936,Zorah
4937,Zorana
4938,Zorina
4939,Zorine
4940,Zsa Zsa
4941,Zsazsa
4942,Zulema
4943,Zuzana
