id,snome
0,Ab
1,Abba
2,Abbe
3,Abbey
4,Abbie
5,Abbot
6,Abbott
7,Abby
8,Abdel
9,Abdul
10,Abe
11,Abel
12,Abelard
13,Abeu
14,Abey
15,Abie
16,Abner
17,Abraham
18,Abrahan
19,Abram
20,Abramo
21,Abran
22,Ad
23,Adair
24,Adam
25,Adamo
26,Adams
27,Adan
28,Addie
29,Addison
30,Addy
31,Ade
32,Adelbert
33,Adham
34,Adlai
35,Adler
36,Ado
37,Adolf
38,Adolph
39,Adolphe
40,Adolpho
41,Adolphus
42,Adrian
43,Adriano
44,Adrien
45,Agosto
46,Aguie
47,Aguistin
48,Aguste
49,Agustin
50,Aharon
51,Ahmad
52,Ahmed
53,Ailbert
54,Akim
55,Aksel
56,Al
57,Alain
58,Alair
59,Alan
60,Aland
61,Alano
62,Alanson
63,Alard
64,Alaric
65,Alasdair
66,Alastair
67,Alasteir
68,Alaster
69,Alberik
70,Albert
71,Alberto
72,Albie
73,Albrecht
74,Alden
75,Aldin
76,Aldis
77,Aldo
78,Aldon
79,Aldous
80,Aldric
81,Aldrich
82,Aldridge
83,Aldus
84,Aldwin
85,Alec
86,Alejandro
87,Alejoa
88,Aleksandr
89,Alessandro
90,Alex
91,Alexander
92,Alexandr
93,Alexandre
94,Alexandro
95,Alexandros
96,Alexei
97,Alexio
98,Alexis
99,Alf
100,Alfie
101,Alfons
102,Alfonse
103,Alfonso
104,Alford
105,Alfred
106,Alfredo
107,Alfy
108,Algernon
109,Ali
110,Alic
111,Alick
112,Alisander
113,Alistair
114,Alister
115,Alix
116,Allan
117,Allard
118,Allayne
119,Allen
120,Alley
121,Alleyn
122,Allie
123,Allin
124,Allister
125,Allistir
126,Allyn
127,Aloin
128,Alon
129,Alonso
130,Alonzo
131,Aloysius
132,Alphard
133,Alphonse
134,Alphonso
135,Alric
136,Aluin
137,Aluino
138,Alva
139,Alvan
140,Alvie
141,Alvin
142,Alvis
143,Alvy
144,Alwin
145,Alwyn
146,Alyosha
147,Amble
148,Ambros
149,Ambrose
150,Ambrosi
151,Ambrosio
152,Ambrosius
153,Amby
154,Amerigo
155,Amery
156,Amory
157,Amos
158,Anatol
159,Anatole
160,Anatollo
161,Ancell
162,Anders
163,Anderson
164,Andie
165,Andonis
166,Andras
167,Andre
168,Andrea
169,Andreas
170,Andrej
171,Andres
172,Andrew
173,Andrey
174,Andris
175,Andros
176,Andrus
177,Andy
178,Ange
179,Angel
180,Angeli
181,Angelico
182,Angelo
183,Angie
184,Angus
185,Ansel
186,Ansell
187,Anselm
188,Anson
189,Anthony
190,Antin
191,Antoine
192,Anton
193,Antone
194,Antoni
195,Antonin
196,Antonino
197,Antonio
198,Antonius
199,Antons
200,Antony
201,Any
202,Ara
203,Araldo
204,Arch
205,Archaimbaud
206,Archambault
207,Archer
208,Archibald
209,Archibaldo
210,Archibold
211,Archie
212,Archy
213,Arel
214,Ari
215,Arie
216,Ariel
217,Arin
218,Ario
219,Aristotle
220,Arlan
221,Arlen
222,Arley
223,Arlin
224,Arman
225,Armand
226,Armando
227,Armin
228,Armstrong
229,Arnaldo
230,Arne
231,Arney
232,Arni
233,Arnie
234,Arnold
235,Arnoldo
236,Arnuad
237,Arny
238,Aron
239,Arri
240,Arron
241,Art
242,Artair
243,Arte
244,Artemas
245,Artemis
246,Artemus
247,Arther
248,Arthur
249,Artie
250,Artur
251,Arturo
252,Artus
253,Arty
254,Arv
255,Arvie
256,Arvin
257,Arvy
258,Asa
259,Ase
260,Ash
261,Ashbey
262,Ashby
263,Asher
264,Ashley
265,Ashlin
266,Ashton
267,Aube
268,Auberon
269,Aubert
270,Aubrey
271,Augie
272,August
273,Augustin
274,Augustine
275,Augusto
276,Augustus
277,Augy
278,Aurthur
279,Austen
280,Austin
281,Ave
282,Averell
283,Averil
284,Averill
285,Avery
286,Avictor
287,Avigdor
288,Avram
289,Avrom
290,Ax
291,Axe
292,Axel
293,Aylmar
294,Aylmer
295,Aymer
296,Bail
297,Bailey
298,Bailie
299,Baillie
300,Baily
301,Baird
302,Bald
303,Balduin
304,Baldwin
305,Bale
306,Ban
307,Bancroft
308,Bank
309,Banky
310,Bar
311,Barbabas
312,Barclay
313,Bard
314,Barde
315,Barn
316,Barnabas
317,Barnabe
318,Barnaby
319,Barnard
320,Barnebas
321,Barnett
322,Barney
323,Barnie
324,Barny
325,Baron
326,Barr
327,Barret
328,Barrett
329,Barri
330,Barrie
331,Barris
332,Barron
333,Barry
334,Bart
335,Bartel
336,Barth
337,Barthel
338,Bartholemy
339,Bartholomeo
340,Bartholomeus
341,Bartholomew
342,Bartie
343,Bartlet
344,Bartlett
345,Bartolemo
346,Bartolomeo
347,Barton
348,Bartram
349,Barty
350,Bary
351,Baryram
352,Base
353,Basil
354,Basile
355,Basilio
356,Basilius
357,Bastian
358,Bastien
359,Bat
360,Batholomew
361,Baudoin
362,Bax
363,Baxie
364,Baxter
365,Baxy
366,Bay
367,Bayard
368,Beale
369,Bealle
370,Bear
371,Bearnard
372,Beau
373,Beaufort
374,Beauregard
375,Beck
376,Beltran
377,Ben
378,Bendick
379,Bendicty
380,Bendix
381,Benedetto
382,Benedick
383,Benedict
384,Benedicto
385,Benedikt
386,Bengt
387,Beniamino
388,Benito
389,Benjamen
390,Benjamin
391,Benji
392,Benjie
393,Benjy
394,Benn
395,Bennett
396,Bennie
397,Benny
398,Benoit
399,Benson
400,Bent
401,Bentlee
402,Bentley
403,Benton
404,Benyamin
405,Ber
406,Berk
407,Berke
408,Berkeley
409,Berkie
410,Berkley
411,Berkly
412,Berky
413,Bern
414,Bernard
415,Bernardo
416,Bernarr
417,Berne
418,Bernhard
419,Bernie
420,Berny
421,Bert
422,Berti
423,Bertie
424,Berton
425,Bertram
426,Bertrand
427,Bertrando
428,Berty
429,Bev
430,Bevan
431,Bevin
432,Bevon
433,Bil
434,Bill
435,Billie
436,Billy
437,Bing
438,Bink
439,Binky
440,Birch
441,Birk
442,Biron
443,Bjorn
444,Blaine
445,Blair
446,Blake
447,Blane
448,Blayne
449,Bo
450,Bob
451,Bobbie
452,Bobby
453,Bogart
454,Bogey
455,Boigie
456,Bond
457,Bondie
458,Bondon
459,Bondy
460,Bone
461,Boniface
462,Boone
463,Boonie
464,Boony
465,Boot
466,Boote
467,Booth
468,Boothe
469,Bord
470,Borden
471,Bordie
472,Bordy
473,Borg
474,Boris
475,Bourke
476,Bowie
477,Boy
478,Boyce
479,Boycey
480,Boycie
481,Boyd
482,Brad
483,Bradan
484,Brade
485,Braden
486,Bradford
487,Bradley
488,Bradly
489,Bradney
490,Brady
491,Bram
492,Bran
493,Brand
494,Branden
495,Brander
496,Brandon
497,Brandtr
498,Brandy
499,Brandyn
500,Brannon
501,Brant
502,Brantley
503,Bren
504,Brendan
505,Brenden
506,Brendin
507,Brendis
508,Brendon
509,Brennan
510,Brennen
511,Brent
512,Bret
513,Brett
514,Brew
515,Brewer
516,Brewster
517,Brian
518,Briano
519,Briant
520,Brice
521,Brien
522,Brig
523,Brigg
524,Briggs
525,Brigham
526,Brion
527,Brit
528,Britt
529,Brnaba
530,Brnaby
531,Brock
532,Brockie
533,Brocky
534,Brod
535,Broddie
536,Broddy
537,Broderic
538,Broderick
539,Brodie
540,Brody
541,Brok
542,Bron
543,Bronnie
544,Bronny
545,Bronson
546,Brook
547,Brooke
548,Brooks
549,Brose
550,Bruce
551,Brucie
552,Bruis
553,Bruno
554,Bryan
555,Bryant
556,Bryanty
557,Bryce
558,Bryn
559,Bryon
560,Buck
561,Buckie
562,Bucky
563,Bud
564,Budd
565,Buddie
566,Buddy
567,Buiron
568,Burch
569,Burg
570,Burgess
571,Burk
572,Burke
573,Burl
574,Burlie
575,Burnaby
576,Burnard
577,Burr
578,Burt
579,Burtie
580,Burton
581,Burty
582,Butch
583,Byram
584,Byran
585,Byrann
586,Byrle
587,Byrom
588,Byron
589,Cad
590,Caddric
591,Caesar
592,Cal
593,Caldwell
594,Cale
595,Caleb
596,Calhoun
597,Callean
598,Calv
599,Calvin
600,Cam
601,Cameron
602,Camey
603,Cammy
604,Car
605,Carce
606,Care
607,Carey
608,Carl
609,Carleton
610,Carlie
611,Carlin
612,Carling
613,Carlo
614,Carlos
615,Carly
616,Carlyle
617,Carmine
618,Carney
619,Carny
620,Carolus
621,Carr
622,Carrol
623,Carroll
624,Carson
625,Cart
626,Carter
627,Carver
628,Cary
629,Caryl
630,Casar
631,Case
632,Casey
633,Cash
634,Caspar
635,Casper
636,Cass
637,Cassie
638,Cassius
639,Caz
640,Cazzie
641,Cchaddie
642,Cece
643,Cecil
644,Cecilio
645,Cecilius
646,Ced
647,Cedric
648,Cello
649,Cesar
650,Cesare
651,Cesaro
652,Chad
653,Chadd
654,Chaddie
655,Chaddy
656,Chadwick
657,Chaim
658,Chalmers
659,Chan
660,Chance
661,Chancey
662,Chandler
663,Chane
664,Chariot
665,Charles
666,Charley
667,Charlie
668,Charlton
669,Chas
670,Chase
671,Chaunce
672,Chauncey
673,Che
674,Chen
675,Ches
676,Chester
677,Cheston
678,Chet
679,Chev
680,Chevalier
681,Chevy
682,Chic
683,Chick
684,Chickie
685,Chicky
686,Chico
687,Chilton
688,Chip
689,Chris
690,Chrisse
691,Chrissie
692,Chrissy
693,Christian
694,Christiano
695,Christie
696,Christoffer
697,Christoforo
698,Christoper
699,Christoph
700,Christophe
701,Christopher
702,Christophorus
703,Christos
704,Christy
705,Chrisy
706,Chrotoem
707,Chucho
708,Chuck
709,Cirillo
710,Cirilo
711,Ciro
712,Claiborn
713,Claiborne
714,Clair
715,Claire
716,Clarance
717,Clare
718,Clarence
719,Clark
720,Clarke
721,Claudell
722,Claudian
723,Claudianus
724,Claudio
725,Claudius
726,Claus
727,Clay
728,Clayborn
729,Clayborne
730,Claybourne
731,Clayson
732,Clayton
733,Cleavland
734,Clem
735,Clemens
736,Clement
737,Clemente
738,Clementius
739,Clemmie
740,Clemmy
741,Cleon
742,Clerc
743,Cletis
744,Cletus
745,Cleve
746,Cleveland
747,Clevey
748,Clevie
749,Cliff
750,Clifford
751,Clim
752,Clint
753,Clive
754,Cly
755,Clyde
756,Clyve
757,Clywd
758,Cob
759,Cobb
760,Cobbie
761,Cobby
762,Codi
763,Codie
764,Cody
765,Cointon
766,Colan
767,Colas
768,Colby
769,Cole
770,Coleman
771,Colet
772,Colin
773,Collin
774,Colman
775,Colver
776,Con
777,Conan
778,Conant
779,Conn
780,Conney
781,Connie
782,Connor
783,Conny
784,Conrad
785,Conrade
786,Conrado
787,Conroy
788,Consalve
789,Constantin
790,Constantine
791,Constantino
792,Conway
793,Coop
794,Cooper
795,Corbet
796,Corbett
797,Corbie
798,Corbin
799,Corby
800,Cord
801,Cordell
802,Cordie
803,Cordy
804,Corey
805,Cori
806,Cornall
807,Cornelius
808,Cornell
809,Corney
810,Cornie
811,Corny
812,Correy
813,Corrie
814,Cort
815,Cortie
816,Corty
817,Cory
818,Cos
819,Cosimo
820,Cosme
821,Cosmo
822,Costa
823,Court
824,Courtnay
825,Courtney
826,Cozmo
827,Craggie
828,Craggy
829,Craig
830,Crawford
831,Creigh
832,Creight
833,Creighton
834,Crichton
835,Cris
836,Cristian
837,Cristiano
838,Cristobal
839,Crosby
840,Cross
841,Cull
842,Cullan
843,Cullen
844,Culley
845,Cullie
846,Cullin
847,Cully
848,Culver
849,Curcio
850,Curr
851,Curran
852,Currey
853,Currie
854,Curry
855,Curt
856,Curtice
857,Curtis
858,Cy
859,Cyril
860,Cyrill
861,Cyrille
862,Cyrillus
863,Cyrus
864,D'Arcy
865,Dael
866,Dag
867,Dagny
868,Dal
869,Dale
870,Dalis
871,Dall
872,Dallas
873,Dalli
874,Dallis
875,Dallon
876,Dalston
877,Dalt
878,Dalton
879,Dame
880,Damian
881,Damiano
882,Damien
883,Damon
884,Dan
885,Dana
886,Dane
887,Dani
888,Danie
889,Daniel
890,Dannel
891,Dannie
892,Danny
893,Dante
894,Danya
895,Dar
896,Darb
897,Darbee
898,Darby
899,Darcy
900,Dare
901,Daren
902,Darill
903,Darin
904,Dario
905,Darius
906,Darn
907,Darnall
908,Darnell
909,Daron
910,Darrel
911,Darrell
912,Darren
913,Darrick
914,Darrin
915,Darryl
916,Darwin
917,Daryl
918,Daryle
919,Dav
920,Dave
921,Daven
922,Davey
923,David
924,Davidde
925,Davide
926,Davidson
927,Davie
928,Davin
929,Davis
930,Davon
931,Davy
932,De Witt
933,Dean
934,Deane
935,Decca
936,Deck
937,Del
938,Delainey
939,Delaney
940,Delano
941,Delbert
942,Dell
943,Delmar
944,Delmer
945,Delmor
946,Delmore
947,Demetre
948,Demetri
949,Demetris
950,Demetrius
951,Demott
952,Den
953,Dene
954,Denis
955,Dennet
956,Denney
957,Dennie
958,Dennis
959,Dennison
960,Denny
961,Denver
962,Denys
963,Der
964,Derby
965,Derek
966,Derick
967,Derk
968,Dermot
969,Derrek
970,Derrick
971,Derrik
972,Derril
973,Derron
974,Derry
975,Derward
976,Derwin
977,Des
978,Desi
979,Desmond
980,Desmund
981,Dev
982,Devin
983,Devland
984,Devlen
985,Devlin
986,Devy
987,Dew
988,Dewain
989,Dewey
990,Dewie
991,Dewitt
992,Dex
993,Dexter
994,Diarmid
995,Dick
996,Dickie
997,Dicky
998,Diego
999,Dieter
1000,Dietrich
1001,Dilan
1002,Dill
1003,Dillie
1004,Dillon
1005,Dilly
1006,Dimitri
1007,Dimitry
1008,Dino
1009,Dion
1010,Dionisio
1011,Dionysus
1012,Dirk
1013,Dmitri
1014,Dolf
1015,Dolph
1016,Dom
1017,Domenic
1018,Domenico
1019,Domingo
1020,Dominic
1021,Dominick
1022,Dominik
1023,Dominique
1024,Don
1025,Donal
1026,Donall
1027,Donalt
1028,Donaugh
1029,Donavon
1030,Donn
1031,Donnell
1032,Donnie
1033,Donny
1034,Donovan
1035,Dore
1036,Dorey
1037,Dorian
1038,Dorie
1039,Dory
1040,Doug
1041,Dougie
1042,Douglas
1043,Douglass
1044,Dougy
1045,Dov
1046,Doy
1047,Doyle
1048,Drake
1049,Drew
1050,Dru
1051,Drud
1052,Drugi
1053,Duane
1054,Dud
1055,Dudley
1056,Duff
1057,Duffie
1058,Duffy
1059,Dugald
1060,Duke
1061,Dukey
1062,Dukie
1063,Duky
1064,Dun
1065,Dunc
1066,Duncan
1067,Dunn
1068,Dunstan
1069,Dur
1070,Durand
1071,Durant
1072,Durante
1073,Durward
1074,Dwain
1075,Dwayne
1076,Dwight
1077,Dylan
1078,Eadmund
1079,Eal
1080,Eamon
1081,Earl
1082,Earle
1083,Earlie
1084,Early
1085,Earvin
1086,Eb
1087,Eben
1088,Ebeneser
1089,Ebenezer
1090,Eberhard
1091,Eberto
1092,Ed
1093,Edan
1094,Edd
1095,Eddie
1096,Eddy
1097,Edgar
1098,Edgard
1099,Edgardo
1100,Edik
1101,Edlin
1102,Edmon
1103,Edmund
1104,Edouard
1105,Edsel
1106,Eduard
1107,Eduardo
1108,Eduino
1109,Edvard
1110,Edward
1111,Edwin
1112,Efrem
1113,Efren
1114,Egan
1115,Egbert
1116,Egon
1117,Egor
1118,El
1119,Elbert
1120,Elden
1121,Eldin
1122,Eldon
1123,Eldredge
1124,Eldridge
1125,Eli
1126,Elia
1127,Elias
1128,Elihu
1129,Elijah
1130,Eliot
1131,Elisha
1132,Ellary
1133,Ellerey
1134,Ellery
1135,Elliot
1136,Elliott
1137,Ellis
1138,Ellswerth
1139,Ellsworth
1140,Ellwood
1141,Elmer
1142,Elmo
1143,Elmore
1144,Elnar
1145,Elroy
1146,Elston
1147,Elsworth
1148,Elton
1149,Elvin
1150,Elvis
1151,Elvyn
1152,Elwin
1153,Elwood
1154,Elwyn
1155,Ely
1156,Em
1157,Emanuel
1158,Emanuele
1159,Emelen
1160,Emerson
1161,Emery
1162,Emile
1163,Emilio
1164,Emlen
1165,Emlyn
1166,Emmanuel
1167,Emmerich
1168,Emmery
1169,Emmet
1170,Emmett
1171,Emmit
1172,Emmott
1173,Emmy
1174,Emory
1175,Engelbert
1176,Englebert
1177,Ennis
1178,Enoch
1179,Enos
1180,Enrico
1181,Enrique
1182,Ephraim
1183,Ephrayim
1184,Ephrem
1185,Erasmus
1186,Erastus
1187,Erek
1188,Erhard
1189,Erhart
1190,Eric
1191,Erich
1192,Erick
1193,Erie
1194,Erik
1195,Erin
1196,Erl
1197,Ermanno
1198,Ermin
1199,Ernest
1200,Ernesto
1201,Ernestus
1202,Ernie
1203,Ernst
1204,Erny
1205,Errick
1206,Errol
1207,Erroll
1208,Erskine
1209,Erv
1210,ErvIn
1211,Erwin
1212,Esdras
1213,Esme
1214,Esra
1215,Esteban
1216,Estevan
1217,Etan
1218,Ethan
1219,Ethe
1220,Ethelbert
1221,Ethelred
1222,Etienne
1223,Ettore
1224,Euell
1225,Eugen
1226,Eugene
1227,Eugenio
1228,Eugenius
1229,Eustace
1230,Ev
1231,Evan
1232,Evelin
1233,Evelyn
1234,Even
1235,Everard
1236,Evered
1237,Everett
1238,Evin
1239,Evyn
1240,Ewan
1241,Eward
1242,Ewart
1243,Ewell
1244,Ewen
1245,Ezechiel
1246,Ezekiel
1247,Ezequiel
1248,Eziechiele
1249,Ezra
1250,Ezri
1251,Fabe
1252,Faber
1253,Fabian
1254,Fabiano
1255,Fabien
1256,Fabio
1257,Fair
1258,Fairfax
1259,Fairleigh
1260,Fairlie
1261,Falito
1262,Falkner
1263,Far
1264,Farlay
1265,Farlee
1266,Farleigh
1267,Farley
1268,Farlie
1269,Farly
1270,Farr
1271,Farrel
1272,Farrell
1273,Farris
1274,Faulkner
1275,Fax
1276,Federico
1277,Fee
1278,Felic
1279,Felice
1280,Felicio
1281,Felike
1282,Feliks
1283,Felipe
1284,Felix
1285,Felizio
1286,Feodor
1287,Ferd
1288,Ferdie
1289,Ferdinand
1290,Ferdy
1291,Fergus
1292,Ferguson
1293,Fernando
1294,Ferrel
1295,Ferrell
1296,Ferris
1297,Fidel
1298,Fidelio
1299,Fidole
1300,Field
1301,Fielding
1302,Fields
1303,Filbert
1304,Filberte
1305,Filberto
1306,Filip
1307,Filippo
1308,Filmer
1309,Filmore
1310,Fin
1311,Findlay
1312,Findley
1313,Finlay
1314,Finley
1315,Finn
1316,Fitz
1317,Fitzgerald
1318,Flem
1319,Fleming
1320,Flemming
1321,Fletch
1322,Fletcher
1323,Flin
1324,Flinn
1325,Flint
1326,Florian
1327,Flory
1328,Floyd
1329,Flynn
1330,Fons
1331,Fonsie
1332,Fonz
1333,Fonzie
1334,Forbes
1335,Ford
1336,Forest
1337,Forester
1338,Forrest
1339,Forrester
1340,Forster
1341,Foss
1342,Foster
1343,Fowler
1344,Fran
1345,Francesco
1346,Franchot
1347,Francis
1348,Francisco
1349,Franciskus
1350,Francklin
1351,Francklyn
1352,Francois
1353,Frank
1354,Frankie
1355,Franklin
1356,Franklyn
1357,Franky
1358,Frannie
1359,Franny
1360,Frans
1361,Fransisco
1362,Frants
1363,Franz
1364,Franzen
1365,Frasco
1366,Fraser
1367,Frasier
1368,Frasquito
1369,Fraze
1370,Frazer
1371,Frazier
1372,Fred
1373,Freddie
1374,Freddy
1375,Fredek
1376,Frederic
1377,Frederich
1378,Frederick
1379,Frederico
1380,Frederigo
1381,Frederik
1382,Fredric
1383,Fredrick
1384,Free
1385,Freedman
1386,Freeland
1387,Freeman
1388,Freemon
1389,Fremont
1390,Friedrich
1391,Friedrick
1392,Fritz
1393,Fulton
1394,Gabbie
1395,Gabby
1396,Gabe
1397,Gabi
1398,Gabie
1399,Gabriel
1400,Gabriele
1401,Gabriello
1402,Gaby
1403,Gael
1404,Gaelan
1405,Gage
1406,Gail
1407,Gaile
1408,Gal
1409,Gale
1410,Galen
1411,Gallagher
1412,Gallard
1413,Galvan
1414,Galven
1415,Galvin
1416,Gamaliel
1417,Gan
1418,Gannie
1419,Gannon
1420,Ganny
1421,Gar
1422,Garald
1423,Gard
1424,Gardener
1425,Gardie
1426,Gardiner
1427,Gardner
1428,Gardy
1429,Gare
1430,Garek
1431,Gareth
1432,Garey
1433,Garfield
1434,Garik
1435,Garner
1436,Garold
1437,Garrard
1438,Garrek
1439,Garret
1440,Garreth
1441,Garrett
1442,Garrick
1443,Garrik
1444,Garrot
1445,Garrott
1446,Garry
1447,Garth
1448,Garv
1449,Garvey
1450,Garvin
1451,Garvy
1452,Garwin
1453,Garwood
1454,Gary
1455,Gaspar
1456,Gaspard
1457,Gasparo
1458,Gasper
1459,Gaston
1460,Gaultiero
1461,Gauthier
1462,Gav
1463,Gavan
1464,Gaven
1465,Gavin
1466,Gawain
1467,Gawen
1468,Gay
1469,Gayelord
1470,Gayle
1471,Gayler
1472,Gaylor
1473,Gaylord
1474,Gearalt
1475,Gearard
1476,Gene
1477,Geno
1478,Geoff
1479,Geoffrey
1480,Geoffry
1481,Georas
1482,Geordie
1483,Georg
1484,George
1485,Georges
1486,Georgi
1487,Georgie
1488,Georgy
1489,Gerald
1490,Gerard
1491,Gerardo
1492,Gerek
1493,Gerhard
1494,Gerhardt
1495,Geri
1496,Gerick
1497,Gerik
1498,Germain
1499,Germaine
1500,Germayne
1501,Gerome
1502,Gerrard
1503,Gerri
1504,Gerrie
1505,Gerry
1506,Gery
1507,Gherardo
1508,Giacobo
1509,Giacomo
1510,Giacopo
1511,Gian
1512,Gianni
1513,Giavani
1514,Gib
1515,Gibb
1516,Gibbie
1517,Gibby
1518,Gideon
1519,Giff
1520,Giffard
1521,Giffer
1522,Giffie
1523,Gifford
1524,Giffy
1525,Gil
1526,Gilbert
1527,Gilberto
1528,Gilburt
1529,Giles
1530,Gill
1531,Gilles
1532,Ginger
1533,Gino
1534,Giordano
1535,Giorgi
1536,Giorgio
1537,Giovanni
1538,Giraldo
1539,Giraud
1540,Giselbert
1541,Giulio
1542,Giuseppe
1543,Giustino
1544,Giusto
1545,Glen
1546,Glenden
1547,Glendon
1548,Glenn
1549,Glyn
1550,Glynn
1551,Godard
1552,Godart
1553,Goddard
1554,Goddart
1555,Godfree
1556,Godfrey
1557,Godfry
1558,Godwin
1559,Gonzales
1560,Gonzalo
1561,Goober
1562,Goran
1563,Goraud
1564,Gordan
1565,Gorden
1566,Gordie
1567,Gordon
1568,Gordy
1569,Gothart
1570,Gottfried
1571,Grace
1572,Gradeigh
1573,Gradey
1574,Grady
1575,Graehme
1576,Graeme
1577,Graham
1578,Graig
1579,Gram
1580,Gran
1581,Grange
1582,Granger
1583,Grannie
1584,Granny
1585,Grant
1586,Grantham
1587,Granthem
1588,Grantley
1589,Granville
1590,Gray
1591,Greg
1592,Gregg
1593,Greggory
1594,Gregoire
1595,Gregoor
1596,Gregor
1597,Gregorio
1598,Gregorius
1599,Gregory
1600,Grenville
1601,Griff
1602,Griffie
1603,Griffin
1604,Griffith
1605,Griffy
1606,Gris
1607,Griswold
1608,Griz
1609,Grove
1610,Grover
1611,Gualterio
1612,Guglielmo
1613,Guido
1614,Guilbert
1615,Guillaume
1616,Guillermo
1617,Gun
1618,Gunar
1619,Gunner
1620,Guntar
1621,Gunter
1622,Gunther
1623,Gus
1624,Guss
1625,Gustaf
1626,Gustav
1627,Gustave
1628,Gustavo
1629,Gustavus
1630,Guthrey
1631,Guthrie
1632,Guthry
1633,Guy
1634,Had
1635,Hadlee
1636,Hadleigh
1637,Hadley
1638,Hadrian
1639,Hagan
1640,Hagen
1641,Hailey
1642,Haily
1643,Hakeem
1644,Hakim
1645,Hal
1646,Hale
1647,Haleigh
1648,Haley
1649,Hall
1650,Hallsy
1651,Halsey
1652,Halsy
1653,Ham
1654,Hamel
1655,Hamid
1656,Hamil
1657,Hamilton
1658,Hamish
1659,Hamlen
1660,Hamlin
1661,Hammad
1662,Hamnet
1663,Hanan
1664,Hank
1665,Hans
1666,Hansiain
1667,Hanson
1668,Harald
1669,Harbert
1670,Harcourt
1671,Hardy
1672,Harlan
1673,Harland
1674,Harlen
1675,Harley
1676,Harlin
1677,Harman
1678,Harmon
1679,Harold
1680,Haroun
1681,Harp
1682,Harper
1683,Harris
1684,Harrison
1685,Harry
1686,Hart
1687,Hartley
1688,Hartwell
1689,Harv
1690,Harvey
1691,Harwell
1692,Harwilll
1693,Hasheem
1694,Hashim
1695,Haskel
1696,Haskell
1697,Haslett
1698,Hastie
1699,Hastings
1700,Hasty
1701,Haven
1702,Hayden
1703,Haydon
1704,Hayes
1705,Hayward
1706,Haywood
1707,Hayyim
1708,Haze
1709,Hazel
1710,Hazlett
1711,Heall
1712,Heath
1713,Hebert
1714,Hector
1715,Heindrick
1716,Heinrick
1717,Heinrik
1718,Henderson
1719,Hendrick
1720,Hendrik
1721,Henri
1722,Henrik
1723,Henry
1724,Herb
1725,Herbert
1726,Herbie
1727,Herby
1728,Herc
1729,Hercule
1730,Hercules
1731,Herculie
1732,Heriberto
1733,Herman
1734,Hermann
1735,Hermie
1736,Hermon
1737,Hermy
1738,Hernando
1739,Herold
1740,Herrick
1741,Hersch
1742,Herschel
1743,Hersh
1744,Hershel
1745,Herve
1746,Hervey
1747,Hew
1748,Hewe
1749,Hewet
1750,Hewett
1751,Hewie
1752,Hewitt
1753,Heywood
1754,Hi
1755,Hieronymus
1756,Hilario
1757,Hilarius
1758,Hilary
1759,Hill
1760,Hillard
1761,Hillary
1762,Hillel
1763,Hillery
1764,Hilliard
1765,Hillie
1766,Hillier
1767,Hilly
1768,Hillyer
1769,Hilton
1770,Hinze
1771,Hiram
1772,Hirsch
1773,Hobard
1774,Hobart
1775,Hobey
1776,Hobie
1777,Hodge
1778,Hoebart
1779,Hogan
1780,Holden
1781,Hollis
1782,Holly
1783,Holmes
1784,Holt
1785,Homer
1786,Homere
1787,Homerus
1788,Horace
1789,Horacio
1790,Horatio
1791,Horatius
1792,Horst
1793,Hort
1794,Horten
1795,Horton
1796,Howard
1797,Howey
1798,Howie
1799,Hoyt
1800,Hube
1801,Hubert
1802,Huberto
1803,Hubey
1804,Hubie
1805,Huey
1806,Hugh
1807,Hughie
1808,Hugibert
1809,Hugo
1810,Hugues
1811,Humbert
1812,Humberto
1813,Humfrey
1814,Humfrid
1815,Humfried
1816,Humphrey
1817,Hunfredo
1818,Hunt
1819,Hunter
1820,Huntington
1821,Huntlee
1822,Huntley
1823,Hurlee
1824,Hurleigh
1825,Hurley
1826,Husain
1827,Husein
1828,Hussein
1829,Hy
1830,Hyatt
1831,Hyman
1832,Hymie
1833,Iago
1834,Iain
1835,Ian
1836,Ibrahim
1837,Ichabod
1838,Iggie
1839,Iggy
1840,Ignace
1841,Ignacio
1842,Ignacius
1843,Ignatius
1844,Ignaz
1845,Ignazio
1846,Igor
1847,Ike
1848,Ikey
1849,Ilaire
1850,Ilario
1851,Immanuel
1852,Ingamar
1853,Ingar
1854,Ingelbert
1855,Ingemar
1856,Inger
1857,Inglebert
1858,Inglis
1859,Ingmar
1860,Ingra
1861,Ingram
1862,Ingrim
1863,Inigo
1864,Inness
1865,Innis
1866,Iorgo
1867,Iorgos
1868,Iosep
1869,Ira
1870,Irv
1871,Irvin
1872,Irvine
1873,Irving
1874,Irwin
1875,Irwinn
1876,Isa
1877,Isaac
1878,Isaak
1879,Isac
1880,Isacco
1881,Isador
1882,Isadore
1883,Isaiah
1884,Isak
1885,Isiahi
1886,Isidor
1887,Isidore
1888,Isidoro
1889,Isidro
1890,Israel
1891,Issiah
1892,Itch
1893,Ivan
1894,Ivar
1895,Ive
1896,Iver
1897,Ives
1898,Ivor
1899,Izaak
1900,Izak
1901,Izzy
1902,Jabez
1903,Jack
1904,Jackie
1905,Jackson
1906,Jacky
1907,Jacob
1908,Jacobo
1909,Jacques
1910,Jae
1911,Jaime
1912,Jaimie
1913,Jake
1914,Jakie
1915,Jakob
1916,Jamaal
1917,Jamal
1918,James
1919,Jameson
1920,Jamesy
1921,Jamey
1922,Jamie
1923,Jamil
1924,Jamill
1925,Jamison
1926,Jammal
1927,Jan
1928,Janek
1929,Janos
1930,Jarad
1931,Jard
1932,Jareb
1933,Jared
1934,Jarib
1935,Jarid
1936,Jarrad
1937,Jarred
1938,Jarret
1939,Jarrett
1940,Jarrid
1941,Jarrod
1942,Jarvis
1943,Jase
1944,Jasen
1945,Jason
1946,Jasper
1947,Jasun
1948,Javier
1949,Jay
1950,Jaye
1951,Jayme
1952,Jaymie
1953,Jayson
1954,Jdavie
1955,Jean
1956,Jecho
1957,Jed
1958,Jedd
1959,Jeddy
1960,Jedediah
1961,Jedidiah
1962,Jeff
1963,Jefferey
1964,Jefferson
1965,Jeffie
1966,Jeffrey
1967,Jeffry
1968,Jeffy
1969,Jehu
1970,Jeno
1971,Jens
1972,Jephthah
1973,Jerad
1974,Jerald
1975,Jeramey
1976,Jeramie
1977,Jere
1978,Jereme
1979,Jeremiah
1980,Jeremias
1981,Jeremie
1982,Jeremy
1983,Jermain
1984,Jermaine
1985,Jermayne
1986,Jerome
1987,Jeromy
1988,Jerri
1989,Jerrie
1990,Jerrold
1991,Jerrome
1992,Jerry
1993,Jervis
1994,Jess
1995,Jesse
1996,Jessee
1997,Jessey
1998,Jessie
1999,Jesus
2000,Jeth
2001,Jethro
2002,Jim
2003,Jimmie
2004,Jimmy
2005,Jo
2006,Joachim
2007,Joaquin
2008,Job
2009,Jock
2010,Jocko
2011,Jodi
2012,Jodie
2013,Jody
2014,Joe
2015,Joel
2016,Joey
2017,Johan
2018,Johann
2019,Johannes
2020,John
2021,Johnathan
2022,Johnathon
2023,Johnnie
2024,Johnny
2025,Johny
2026,Jon
2027,Jonah
2028,Jonas
2029,Jonathan
2030,Jonathon
2031,Jone
2032,Jordan
2033,Jordon
2034,Jorgan
2035,Jorge
2036,Jory
2037,Jose
2038,Joseito
2039,Joseph
2040,Josh
2041,Joshia
2042,Joshua
2043,Joshuah
2044,Josiah
2045,Josias
2046,Jourdain
2047,Jozef
2048,Juan
2049,Jud
2050,Judah
2051,Judas
2052,Judd
2053,Jude
2054,Judon
2055,Jule
2056,Jules
2057,Julian
2058,Julie
2059,Julio
2060,Julius
2061,Justen
2062,Justin
2063,Justinian
2064,Justino
2065,Justis
2066,Justus
2067,Kahaleel
2068,Kahlil
2069,Kain
2070,Kaine
2071,Kaiser
2072,Kale
2073,Kaleb
2074,Kalil
2075,Kalle
2076,Kalvin
2077,Kane
2078,Kareem
2079,Karel
2080,Karim
2081,Karl
2082,Karlan
2083,Karlens
2084,Karlik
2085,Karlis
2086,Karney
2087,Karoly
2088,Kaspar
2089,Kasper
2090,Kayne
2091,Kean
2092,Keane
2093,Kearney
2094,Keary
2095,Keefe
2096,Keefer
2097,Keelby
2098,Keen
2099,Keenan
2100,Keene
2101,Keir
2102,Keith
2103,Kelbee
2104,Kelby
2105,Kele
2106,Kellby
2107,Kellen
2108,Kelley
2109,Kelly
2110,Kelsey
2111,Kelvin
2112,Kelwin
2113,Ken
2114,Kendal
2115,Kendall
2116,Kendell
2117,Kendrick
2118,Kendricks
2119,Kenn
2120,Kennan
2121,Kennedy
2122,Kenneth
2123,Kennett
2124,Kennie
2125,Kennith
2126,Kenny
2127,Kenon
2128,Kent
2129,Kenton
2130,Kenyon
2131,Ker
2132,Kerby
2133,Kerk
2134,Kermie
2135,Kermit
2136,Kermy
2137,Kerr
2138,Kerry
2139,Kerwin
2140,Kerwinn
2141,Kev
2142,Kevan
2143,Keven
2144,Kevin
2145,Kevon
2146,Khalil
2147,Kiel
2148,Kienan
2149,Kile
2150,Kiley
2151,Kilian
2152,Killian
2153,Killie
2154,Killy
2155,Kim
2156,Kimball
2157,Kimbell
2158,Kimble
2159,Kin
2160,Kincaid
2161,King
2162,Kingsley
2163,Kingsly
2164,Kingston
2165,Kinnie
2166,Kinny
2167,Kinsley
2168,Kip
2169,Kipp
2170,Kippar
2171,Kipper
2172,Kippie
2173,Kippy
2174,Kirby
2175,Kirk
2176,Kit
2177,Klaus
2178,Klemens
2179,Klement
2180,Kleon
2181,Kliment
2182,Knox
2183,Koenraad
2184,Konrad
2185,Konstantin
2186,Konstantine
2187,Korey
2188,Kort
2189,Kory
2190,Kris
2191,Krisha
2192,Krishna
2193,Krishnah
2194,Krispin
2195,Kristian
2196,Kristo
2197,Kristofer
2198,Kristoffer
2199,Kristofor
2200,Kristoforo
2201,Kristopher
2202,Kristos
2203,Kurt
2204,Kurtis
2205,Ky
2206,Kyle
2207,Kylie
2208,Laird
2209,Lalo
2210,Lamar
2211,Lambert
2212,Lammond
2213,Lamond
2214,Lamont
2215,Lance
2216,Lancelot
2217,Land
2218,Lane
2219,Laney
2220,Langsdon
2221,Langston
2222,Lanie
2223,Lannie
2224,Lanny
2225,Larry
2226,Lars
2227,Laughton
2228,Launce
2229,Lauren
2230,Laurence
2231,Laurens
2232,Laurent
2233,Laurie
2234,Lauritz
2235,Law
2236,Lawrence
2237,Lawry
2238,Lawton
2239,Lay
2240,Layton
2241,Lazar
2242,Lazare
2243,Lazaro
2244,Lazarus
2245,Lee
2246,Leeland
2247,Lefty
2248,Leicester
2249,Leif
2250,Leigh
2251,Leighton
2252,Lek
2253,Leland
2254,Lem
2255,Lemar
2256,Lemmie
2257,Lemmy
2258,Lemuel
2259,Lenard
2260,Lenci
2261,Lennard
2262,Lennie
2263,Leo
2264,Leon
2265,Leonard
2266,Leonardo
2267,Leonerd
2268,Leonhard
2269,Leonid
2270,Leonidas
2271,Leopold
2272,Leroi
2273,Leroy
2274,Les
2275,Lesley
2276,Leslie
2277,Lester
2278,Leupold
2279,Lev
2280,Levey
2281,Levi
2282,Levin
2283,Levon
2284,Levy
2285,Lew
2286,Lewes
2287,Lewie
2288,Lewiss
2289,Lezley
2290,Liam
2291,Lief
2292,Lin
2293,Linc
2294,Lincoln
2295,Lind
2296,Lindon
2297,Lindsay
2298,Lindsey
2299,Lindy
2300,Link
2301,Linn
2302,Linoel
2303,Linus
2304,Lion
2305,Lionel
2306,Lionello
2307,Lisle
2308,Llewellyn
2309,Lloyd
2310,Llywellyn
2311,Lock
2312,Locke
2313,Lockwood
2314,Lodovico
2315,Logan
2316,Lombard
2317,Lon
2318,Lonnard
2319,Lonnie
2320,Lonny
2321,Lorant
2322,Loren
2323,Lorens
2324,Lorenzo
2325,Lorin
2326,Lorne
2327,Lorrie
2328,Lorry
2329,Lothaire
2330,Lothario
2331,Lou
2332,Louie
2333,Louis
2334,Lovell
2335,Lowe
2336,Lowell
2337,Lowrance
2338,Loy
2339,Loydie
2340,Luca
2341,Lucais
2342,Lucas
2343,Luce
2344,Lucho
2345,Lucian
2346,Luciano
2347,Lucias
2348,Lucien
2349,Lucio
2350,Lucius
2351,Ludovico
2352,Ludvig
2353,Ludwig
2354,Luigi
2355,Luis
2356,Lukas
2357,Luke
2358,Lutero
2359,Luther
2360,Ly
2361,Lydon
2362,Lyell
2363,Lyle
2364,Lyman
2365,Lyn
2366,Lynn
2367,Lyon
2368,Mac
2369,Mace
2370,Mack
2371,Mackenzie
2372,Maddie
2373,Maddy
2374,Madison
2375,Magnum
2376,Mahmoud
2377,Mahmud
2378,Maison
2379,Maje
2380,Major
2381,Mal
2382,Malachi
2383,Malchy
2384,Malcolm
2385,Mallory
2386,Malvin
2387,Man
2388,Mandel
2389,Manfred
2390,Mannie
2391,Manny
2392,Mano
2393,Manolo
2394,Manuel
2395,Mar
2396,Marc
2397,Marcel
2398,Marcello
2399,Marcellus
2400,Marcelo
2401,Marchall
2402,Marco
2403,Marcos
2404,Marcus
2405,Marijn
2406,Mario
2407,Marion
2408,Marius
2409,Mark
2410,Markos
2411,Markus
2412,Marlin
2413,Marlo
2414,Marlon
2415,Marlow
2416,Marlowe
2417,Marmaduke
2418,Marsh
2419,Marshal
2420,Marshall
2421,Mart
2422,Martainn
2423,Marten
2424,Martie
2425,Martin
2426,Martino
2427,Marty
2428,Martyn
2429,Marv
2430,Marve
2431,Marven
2432,Marvin
2433,Marwin
2434,Mason
2435,Massimiliano
2436,Massimo
2437,Mata
2438,Mateo
2439,Mathe
2440,Mathew
2441,Mathian
2442,Mathias
2443,Matias
2444,Matt
2445,Matteo
2446,Matthaeus
2447,Mattheus
2448,Matthew
2449,Matthias
2450,Matthieu
2451,Matthiew
2452,Matthus
2453,Mattias
2454,Mattie
2455,Matty
2456,Maurice
2457,Mauricio
2458,Maurie
2459,Maurise
2460,Maurits
2461,Maurizio
2462,Maury
2463,Max
2464,Maxie
2465,Maxim
2466,Maximilian
2467,Maximilianus
2468,Maximilien
2469,Maximo
2470,Maxwell
2471,Maxy
2472,Mayer
2473,Maynard
2474,Mayne
2475,Maynord
2476,Mayor
2477,Mead
2478,Meade
2479,Meier
2480,Meir
2481,Mel
2482,Melvin
2483,Melvyn
2484,Menard
2485,Mendel
2486,Mendie
2487,Mendy
2488,Meredeth
2489,Meredith
2490,Merell
2491,Merill
2492,Merle
2493,Merrel
2494,Merrick
2495,Merrill
2496,Merry
2497,Merv
2498,Mervin
2499,Merwin
2500,Merwyn
2501,Meryl
2502,Meyer
2503,Mic
2504,Micah
2505,Michael
2506,Michail
2507,Michal
2508,Michale
2509,Micheal
2510,Micheil
2511,Michel
2512,Michele
2513,Mick
2514,Mickey
2515,Mickie
2516,Micky
2517,Miguel
2518,Mikael
2519,Mike
2520,Mikel
2521,Mikey
2522,Mikkel
2523,Mikol
2524,Mile
2525,Miles
2526,Mill
2527,Millard
2528,Miller
2529,Milo
2530,Milt
2531,Miltie
2532,Milton
2533,Milty
2534,Miner
2535,Minor
2536,Mischa
2537,Mitch
2538,Mitchael
2539,Mitchel
2540,Mitchell
2541,Moe
2542,Mohammed
2543,Mohandas
2544,Mohandis
2545,Moise
2546,Moises
2547,Moishe
2548,Monro
2549,Monroe
2550,Montague
2551,Monte
2552,Montgomery
2553,Monti
2554,Monty
2555,Moore
2556,Mord
2557,Mordecai
2558,Mordy
2559,Morey
2560,Morgan
2561,Morgen
2562,Morgun
2563,Morie
2564,Moritz
2565,Morlee
2566,Morley
2567,Morly
2568,Morrie
2569,Morris
2570,Morry
2571,Morse
2572,Mort
2573,Morten
2574,Mortie
2575,Mortimer
2576,Morton
2577,Morty
2578,Mose
2579,Moses
2580,Moshe
2581,Moss
2582,Mozes
2583,Muffin
2584,Muhammad
2585,Munmro
2586,Munroe
2587,Murdoch
2588,Murdock
2589,Murray
2590,Murry
2591,Murvyn
2592,My
2593,Myca
2594,Mycah
2595,Mychal
2596,Myer
2597,Myles
2598,Mylo
2599,Myron
2600,Myrvyn
2601,Myrwyn
2602,Nahum
2603,Nap
2604,Napoleon
2605,Nappie
2606,Nappy
2607,Nat
2608,Natal
2609,Natale
2610,Nataniel
2611,Nate
2612,Nathan
2613,Nathanael
2614,Nathanial
2615,Nathaniel
2616,Nathanil
2617,Natty
2618,Neal
2619,Neale
2620,Neall
2621,Nealon
2622,Nealson
2623,Nealy
2624,Ned
2625,Neddie
2626,Neddy
2627,Neel
2628,Nefen
2629,Nehemiah
2630,Neil
2631,Neill
2632,Neils
2633,Nels
2634,Nelson
2635,Nero
2636,Neron
2637,Nester
2638,Nestor
2639,Nev
2640,Nevil
2641,Nevile
2642,Neville
2643,Nevin
2644,Nevins
2645,Newton
2646,Nial
2647,Niall
2648,Niccolo
2649,Nicholas
2650,Nichole
2651,Nichols
2652,Nick
2653,Nickey
2654,Nickie
2655,Nicko
2656,Nickola
2657,Nickolai
2658,Nickolas
2659,Nickolaus
2660,Nicky
2661,Nico
2662,Nicol
2663,Nicola
2664,Nicolai
2665,Nicolais
2666,Nicolas
2667,Nicolis
2668,Niel
2669,Niels
2670,Nigel
2671,Niki
2672,Nikita
2673,Nikki
2674,Niko
2675,Nikola
2676,Nikolai
2677,Nikolaos
2678,Nikolas
2679,Nikolaus
2680,Nikolos
2681,Nikos
2682,Nil
2683,Niles
2684,Nils
2685,Nilson
2686,Niven
2687,Noach
2688,Noah
2689,Noak
2690,Noam
2691,Nobe
2692,Nobie
2693,Noble
2694,Noby
2695,Noe
2696,Noel
2697,Nolan
2698,Noland
2699,Noll
2700,Nollie
2701,Nolly
2702,Norbert
2703,Norbie
2704,Norby
2705,Norman
2706,Normand
2707,Normie
2708,Normy
2709,Norrie
2710,Norris
2711,Norry
2712,North
2713,Northrop
2714,Northrup
2715,Norton
2716,Nowell
2717,Nye
2718,Oates
2719,Obadiah
2720,Obadias
2721,Obed
2722,Obediah
2723,Oberon
2724,Obidiah
2725,Obie
2726,Oby
2727,Octavius
2728,Ode
2729,Odell
2730,Odey
2731,Odie
2732,Odo
2733,Ody
2734,Ogdan
2735,Ogden
2736,Ogdon
2737,Olag
2738,Olav
2739,Ole
2740,Olenolin
2741,Olin
2742,Oliver
2743,Olivero
2744,Olivier
2745,Oliviero
2746,Ollie
2747,Olly
2748,Olvan
2749,Omar
2750,Omero
2751,Onfre
2752,Onfroi
2753,Onofredo
2754,Oran
2755,Orazio
2756,Orbadiah
2757,Oren
2758,Orin
2759,Orion
2760,Orlan
2761,Orland
2762,Orlando
2763,Orran
2764,Orren
2765,Orrin
2766,Orson
2767,Orton
2768,Orv
2769,Orville
2770,Osbert
2771,Osborn
2772,Osborne
2773,Osbourn
2774,Osbourne
2775,Osgood
2776,Osmond
2777,Osmund
2778,Ossie
2779,Oswald
2780,Oswell
2781,Otes
2782,Othello
2783,Otho
2784,Otis
2785,Otto
2786,Owen
2787,Ozzie
2788,Ozzy
2789,Pablo
2790,Pace
2791,Packston
2792,Paco
2793,Pacorro
2794,Paddie
2795,Paddy
2796,Padget
2797,Padgett
2798,Padraic
2799,Padraig
2800,Padriac
2801,Page
2802,Paige
2803,Pail
2804,Pall
2805,Palm
2806,Palmer
2807,Panchito
2808,Pancho
2809,Paolo
2810,Papageno
2811,Paquito
2812,Park
2813,Parke
2814,Parker
2815,Parnell
2816,Parrnell
2817,Parry
2818,Parsifal
2819,Pascal
2820,Pascale
2821,Pasquale
2822,Pat
2823,Pate
2824,Paten
2825,Patin
2826,Paton
2827,Patric
2828,Patrice
2829,Patricio
2830,Patrick
2831,Patrizio
2832,Patrizius
2833,Patsy
2834,Patten
2835,Pattie
2836,Pattin
2837,Patton
2838,Patty
2839,Paul
2840,Paulie
2841,Paulo
2842,Pauly
2843,Pavel
2844,Pavlov
2845,Paxon
2846,Paxton
2847,Payton
2848,Peadar
2849,Pearce
2850,Pebrook
2851,Peder
2852,Pedro
2853,Peirce
2854,Pembroke
2855,Pen
2856,Penn
2857,Pennie
2858,Penny
2859,Penrod
2860,Pepe
2861,Pepillo
2862,Pepito
2863,Perceval
2864,Percival
2865,Percy
2866,Perice
2867,Perkin
2868,Pernell
2869,Perren
2870,Perry
2871,Pete
2872,Peter
2873,Peterus
2874,Petey
2875,Petr
2876,Peyter
2877,Peyton
2878,Phil
2879,Philbert
2880,Philip
2881,Phillip
2882,Phillipe
2883,Phillipp
2884,Phineas
2885,Phip
2886,Pierce
2887,Pierre
2888,Pierson
2889,Pieter
2890,Pietrek
2891,Pietro
2892,Piggy
2893,Pincas
2894,Pinchas
2895,Pincus
2896,Piotr
2897,Pip
2898,Pippo
2899,Pooh
2900,Port
2901,Porter
2902,Portie
2903,Porty
2904,Poul
2905,Powell
2906,Pren
2907,Prent
2908,Prentice
2909,Prentiss
2910,Prescott
2911,Preston
2912,Price
2913,Prince
2914,Prinz
2915,Pryce
2916,Puff
2917,Purcell
2918,Putnam
2919,Putnem
2920,Pyotr
2921,Quent
2922,Quentin
2923,Quill
2924,Quillan
2925,Quincey
2926,Quincy
2927,Quinlan
2928,Quinn
2929,Quint
2930,Quintin
2931,Quinton
2932,Quintus
2933,Rab
2934,Rabbi
2935,Rabi
2936,Rad
2937,Radcliffe
2938,Raddie
2939,Raddy
2940,Rafael
2941,Rafaellle
2942,Rafaello
2943,Rafe
2944,Raff
2945,Raffaello
2946,Raffarty
2947,Rafferty
2948,Rafi
2949,Ragnar
2950,Raimondo
2951,Raimund
2952,Raimundo
2953,Rainer
2954,Raleigh
2955,Ralf
2956,Ralph
2957,Ram
2958,Ramon
2959,Ramsay
2960,Ramsey
2961,Rance
2962,Rancell
2963,Rand
2964,Randal
2965,Randall
2966,Randell
2967,Randi
2968,Randie
2969,Randolf
2970,Randolph
2971,Randy
2972,Ransell
2973,Ransom
2974,Raoul
2975,Raphael
2976,Raul
2977,Ravi
2978,Ravid
2979,Raviv
2980,Rawley
2981,Ray
2982,Raymond
2983,Raymund
2984,Raynard
2985,Rayner
2986,Raynor
2987,Read
2988,Reade
2989,Reagan
2990,Reagen
2991,Reamonn
2992,Red
2993,Redd
2994,Redford
2995,Reece
2996,Reed
2997,Rees
2998,Reese
2999,Reg
3000,Regan
3001,Regen
3002,Reggie
3003,Reggis
3004,Reggy
3005,Reginald
3006,Reginauld
3007,Reid
3008,Reidar
3009,Reider
3010,Reilly
3011,Reinald
3012,Reinaldo
3013,Reinaldos
3014,Reinhard
3015,Reinhold
3016,Reinold
3017,Reinwald
3018,Rem
3019,Remington
3020,Remus
3021,Renado
3022,Renaldo
3023,Renard
3024,Renato
3025,Renaud
3026,Renault
3027,Rene
3028,Reube
3029,Reuben
3030,Reuven
3031,Rex
3032,Rey
3033,Reynard
3034,Reynold
3035,Reynolds
3036,Rhett
3037,Rhys
3038,Ric
3039,Ricard
3040,Ricardo
3041,Riccardo
3042,Rice
3043,Rich
3044,Richard
3045,Richardo
3046,Richart
3047,Richie
3048,Richmond
3049,Richmound
3050,Richy
3051,Rick
3052,Rickard
3053,Rickert
3054,Rickey
3055,Ricki
3056,Rickie
3057,Ricky
3058,Ricoriki
3059,Rik
3060,Rikki
3061,Riley
3062,Rinaldo
3063,Ring
3064,Ringo
3065,Riobard
3066,Riordan
3067,Rip
3068,Ripley
3069,Ritchie
3070,Roarke
3071,Rob
3072,Robb
3073,Robbert
3074,Robbie
3075,Robby
3076,Robers
3077,Robert
3078,Roberto
3079,Robin
3080,Robinet
3081,Robinson
3082,Rochester
3083,Rock
3084,Rockey
3085,Rockie
3086,Rockwell
3087,Rocky
3088,Rod
3089,Rodd
3090,Roddie
3091,Roddy
3092,Roderic
3093,Roderich
3094,Roderick
3095,Roderigo
3096,Rodge
3097,Rodger
3098,Rodney
3099,Rodolfo
3100,Rodolph
3101,Rodolphe
3102,Rodrick
3103,Rodrigo
3104,Rodrique
3105,Rog
3106,Roger
3107,Rogerio
3108,Rogers
3109,Roi
3110,Roland
3111,Rolando
3112,Roldan
3113,Roley
3114,Rolf
3115,Rolfe
3116,Rolland
3117,Rollie
3118,Rollin
3119,Rollins
3120,Rollo
3121,Rolph
3122,Roma
3123,Romain
3124,Roman
3125,Romeo
3126,Ron
3127,Ronald
3128,Ronnie
3129,Ronny
3130,Rooney
3131,Roosevelt
3132,Rorke
3133,Rory
3134,Rosco
3135,Roscoe
3136,Ross
3137,Rossie
3138,Rossy
3139,Roth
3140,Rourke
3141,Rouvin
3142,Rowan
3143,Rowen
3144,Rowland
3145,Rowney
3146,Roy
3147,Royal
3148,Royall
3149,Royce
3150,Rriocard
3151,Rube
3152,Ruben
3153,Rubin
3154,Ruby
3155,Rudd
3156,Ruddie
3157,Ruddy
3158,Rudie
3159,Rudiger
3160,Rudolf
3161,Rudolfo
3162,Rudolph
3163,Rudy
3164,Rudyard
3165,Rufe
3166,Rufus
3167,Ruggiero
3168,Rupert
3169,Ruperto
3170,Ruprecht
3171,Rurik
3172,Russ
3173,Russell
3174,Rustie
3175,Rustin
3176,Rusty
3177,Rutger
3178,Rutherford
3179,Rutledge
3180,Rutter
3181,Ruttger
3182,Ruy
3183,Ryan
3184,Ryley
3185,Ryon
3186,Ryun
3187,Sal
3188,Saleem
3189,Salem
3190,Salim
3191,Salmon
3192,Salomo
3193,Salomon
3194,Salomone
3195,Salvador
3196,Salvatore
3197,Salvidor
3198,Sam
3199,Sammie
3200,Sammy
3201,Sampson
3202,Samson
3203,Samuel
3204,Samuele
3205,Sancho
3206,Sander
3207,Sanders
3208,Sanderson
3209,Sandor
3210,Sandro
3211,Sandy
3212,Sanford
3213,Sanson
3214,Sansone
3215,Sarge
3216,Sargent
3217,Sascha
3218,Sasha
3219,Saul
3220,Sauncho
3221,Saunder
3222,Saunders
3223,Saunderson
3224,Saundra
3225,Sauveur
3226,Saw
3227,Sawyer
3228,Sawyere
3229,Sax
3230,Saxe
3231,Saxon
3232,Say
3233,Sayer
3234,Sayers
3235,Sayre
3236,Sayres
3237,Scarface
3238,Schuyler
3239,Scot
3240,Scott
3241,Scotti
3242,Scottie
3243,Scotty
3244,Seamus
3245,Sean
3246,Sebastian
3247,Sebastiano
3248,Sebastien
3249,See
3250,Selby
3251,Selig
3252,Serge
3253,Sergeant
3254,Sergei
3255,Sergent
3256,Sergio
3257,Seth
3258,Seumas
3259,Seward
3260,Seymour
3261,Shadow
3262,Shae
3263,Shaine
3264,Shalom
3265,Shamus
3266,Shanan
3267,Shane
3268,Shannan
3269,Shannon
3270,Shaughn
3271,Shaun
3272,Shaw
3273,Shawn
3274,Shay
3275,Shayne
3276,Shea
3277,Sheff
3278,Sheffie
3279,Sheffield
3280,Sheffy
3281,Shelby
3282,Shelden
3283,Shell
3284,Shelley
3285,Shelton
3286,Shem
3287,Shep
3288,Shepard
3289,Shepherd
3290,Sheppard
3291,Shepperd
3292,Sheridan
3293,Sherlock
3294,Sherlocke
3295,Sherm
3296,Sherman
3297,Shermie
3298,Shermy
3299,Sherwin
3300,Sherwood
3301,Sherwynd
3302,Sholom
3303,Shurlock
3304,Shurlocke
3305,Shurwood
3306,Si
3307,Sibyl
3308,Sid
3309,Sidnee
3310,Sidney
3311,Siegfried
3312,Siffre
3313,Sig
3314,Sigfrid
3315,Sigfried
3316,Sigismond
3317,Sigismondo
3318,Sigismund
3319,Sigismundo
3320,Sigmund
3321,Sigvard
3322,Silas
3323,Silvain
3324,Silvan
3325,Silvano
3326,Silvanus
3327,Silvester
3328,Silvio
3329,Sim
3330,Simeon
3331,Simmonds
3332,Simon
3333,Simone
3334,Sinclair
3335,Sinclare
3336,Siward
3337,Skell
3338,Skelly
3339,Skip
3340,Skipp
3341,Skipper
3342,Skippie
3343,Skippy
3344,Skipton
3345,Sky
3346,Skye
3347,Skylar
3348,Skyler
3349,Slade
3350,Sloan
3351,Sloane
3352,Sly
3353,Smith
3354,Smitty
3355,Sol
3356,Sollie
3357,Solly
3358,Solomon
3359,Somerset
3360,Son
3361,Sonnie
3362,Sonny
3363,Spence
3364,Spencer
3365,Spense
3366,Spenser
3367,Spike
3368,Stacee
3369,Stacy
3370,Staffard
3371,Stafford
3372,Staford
3373,Stan
3374,Standford
3375,Stanfield
3376,Stanford
3377,Stanislas
3378,Stanislaus
3379,Stanislaw
3380,Stanleigh
3381,Stanley
3382,Stanly
3383,Stanton
3384,Stanwood
3385,Stavro
3386,Stavros
3387,Stearn
3388,Stearne
3389,Stefan
3390,Stefano
3391,Steffen
3392,Stephan
3393,Stephanus
3394,Stephen
3395,Sterling
3396,Stern
3397,Sterne
3398,Steve
3399,Steven
3400,Stevie
3401,Stevy
3402,Steward
3403,Stewart
3404,Stillman
3405,Stillmann
3406,Stinky
3407,Stirling
3408,Stu
3409,Stuart
3410,Sullivan
3411,Sully
3412,Sumner
3413,Sunny
3414,Sutherlan
3415,Sutherland
3416,Sutton
3417,Sven
3418,Svend
3419,Swen
3420,Syd
3421,Sydney
3422,Sylas
3423,Sylvan
3424,Sylvester
3425,Syman
3426,Symon
3427,Tab
3428,Tabb
3429,Tabbie
3430,Tabby
3431,Taber
3432,Tabor
3433,Tad
3434,Tadd
3435,Taddeo
3436,Taddeusz
3437,Tadeas
3438,Tadeo
3439,Tades
3440,Tadio
3441,Tailor
3442,Tait
3443,Taite
3444,Talbert
3445,Talbot
3446,Tallie
3447,Tally
3448,Tam
3449,Tamas
3450,Tammie
3451,Tammy
3452,Tan
3453,Tann
3454,Tanner
3455,Tanney
3456,Tannie
3457,Tanny
3458,Tarrance
3459,Tate
3460,Taylor
3461,Teador
3462,Ted
3463,Tedd
3464,Teddie
3465,Teddy
3466,Tedie
3467,Tedman
3468,Tedmund
3469,Temp
3470,Temple
3471,Templeton
3472,Teodoor
3473,Teodor
3474,Teodorico
3475,Teodoro
3476,Terence
3477,Terencio
3478,Terrance
3479,Terrel
3480,Terrell
3481,Terrence
3482,Terri
3483,Terrill
3484,Terry
3485,Thacher
3486,Thaddeus
3487,Thaddus
3488,Thadeus
3489,Thain
3490,Thaine
3491,Thane
3492,Thatch
3493,Thatcher
3494,Thaxter
3495,Thayne
3496,Thebault
3497,Thedric
3498,Thedrick
3499,Theo
3500,Theobald
3501,Theodor
3502,Theodore
3503,Theodoric
3504,Thibaud
3505,Thibaut
3506,Thom
3507,Thoma
3508,Thomas
3509,Thor
3510,Thorin
3511,Thorn
3512,Thorndike
3513,Thornie
3514,Thornton
3515,Thorny
3516,Thorpe
3517,Thorstein
3518,Thorsten
3519,Thorvald
3520,Thurstan
3521,Thurston
3522,Tibold
3523,Tiebold
3524,Tiebout
3525,Tiler
3526,Tim
3527,Timmie
3528,Timmy
3529,Timofei
3530,Timoteo
3531,Timothee
3532,Timotheus
3533,Timothy
3534,Tirrell
3535,Tito
3536,Titos
3537,Titus
3538,Tobe
3539,Tobiah
3540,Tobias
3541,Tobie
3542,Tobin
3543,Tobit
3544,Toby
3545,Tod
3546,Todd
3547,Toddie
3548,Toddy
3549,Toiboid
3550,Tom
3551,Tomas
3552,Tomaso
3553,Tome
3554,Tomkin
3555,Tomlin
3556,Tommie
3557,Tommy
3558,Tonnie
3559,Tony
3560,Tore
3561,Torey
3562,Torin
3563,Torr
3564,Torrance
3565,Torre
3566,Torrence
3567,Torrey
3568,Torrin
3569,Torry
3570,Town
3571,Towney
3572,Townie
3573,Townsend
3574,Towny
3575,Trace
3576,Tracey
3577,Tracie
3578,Tracy
3579,Traver
3580,Travers
3581,Travis
3582,Travus
3583,Trefor
3584,Tremain
3585,Tremaine
3586,Tremayne
3587,Trent
3588,Trenton
3589,Trev
3590,Trevar
3591,Trever
3592,Trevor
3593,Trey
3594,Trip
3595,Tripp
3596,Tris
3597,Tristam
3598,Tristan
3599,Troy
3600,Trstram
3601,Trueman
3602,Trumaine
3603,Truman
3604,Trumann
3605,Tuck
3606,Tucker
3607,Tuckie
3608,Tucky
3609,Tudor
3610,Tull
3611,Tulley
3612,Tully
3613,Turner
3614,Ty
3615,Tybalt
3616,Tye
3617,Tyler
3618,Tymon
3619,Tymothy
3620,Tynan
3621,Tyrone
3622,Tyrus
3623,Tyson
3624,Udale
3625,Udall
3626,Udell
3627,Ugo
3628,Ulberto
3629,Ulick
3630,Ulises
3631,Ulric
3632,Ulrich
3633,Ulrick
3634,Ulysses
3635,Umberto
3636,Upton
3637,Urbain
3638,Urban
3639,Urbano
3640,Urbanus
3641,Uri
3642,Uriah
3643,Uriel
3644,Urson
3645,Vachel
3646,Vaclav
3647,Vail
3648,Val
3649,Valdemar
3650,Vale
3651,Valentijn
3652,Valentin
3653,Valentine
3654,Valentino
3655,Valle
3656,Van
3657,Vance
3658,Vanya
3659,Vasili
3660,Vasilis
3661,Vasily
3662,Vassili
3663,Vassily
3664,Vaughan
3665,Vaughn
3666,Verge
3667,Vergil
3668,Vern
3669,Verne
3670,Vernen
3671,Verney
3672,Vernon
3673,Vernor
3674,Vic
3675,Vick
3676,Victoir
3677,Victor
3678,Vidovic
3679,Vidovik
3680,Vin
3681,Vince
3682,Vincent
3683,Vincents
3684,Vincenty
3685,Vincenz
3686,Vinnie
3687,Vinny
3688,Vinson
3689,Virge
3690,Virgie
3691,Virgil
3692,Virgilio
3693,Vite
3694,Vito
3695,Vittorio
3696,Vlad
3697,Vladamir
3698,Vladimir
3699,Von
3700,Wade
3701,Wadsworth
3702,Wain
3703,Wainwright
3704,Wait
3705,Waite
3706,Waiter
3707,Wake
3708,Wakefield
3709,Wald
3710,Waldemar
3711,Walden
3712,Waldo
3713,Waldon
3714,Walker
3715,Wallace
3716,Wallache
3717,Wallas
3718,Wallie
3719,Wallis
3720,Wally
3721,Walsh
3722,Walt
3723,Walther
3724,Walton
3725,Wang
3726,Ward
3727,Warde
3728,Warden
3729,Ware
3730,Waring
3731,Warner
3732,Warren
3733,Wash
3734,Washington
3735,Wat
3736,Waverley
3737,Waverly
3738,Way
3739,Waylan
3740,Wayland
3741,Waylen
3742,Waylin
3743,Waylon
3744,Wayne
3745,Web
3746,Webb
3747,Weber
3748,Webster
3749,Weidar
3750,Weider
3751,Welbie
3752,Welby
3753,Welch
3754,Wells
3755,Welsh
3756,Wendall
3757,Wendel
3758,Wendell
3759,Werner
3760,Wernher
3761,Wes
3762,Wesley
3763,West
3764,Westbrook
3765,Westbrooke
3766,Westleigh
3767,Westley
3768,Weston
3769,Weylin
3770,Wheeler
3771,Whit
3772,Whitaker
3773,Whitby
3774,Whitman
3775,Whitney
3776,Whittaker
3777,Wiatt
3778,Wilbert
3779,Wilbur
3780,Wilburt
3781,Wilden
3782,Wildon
3783,Wilek
3784,Wiley
3785,Wilfred
3786,Wilfrid
3787,Wilhelm
3788,Will
3789,Willard
3790,Willdon
3791,Willem
3792,Willey
3793,Willi
3794,William
3795,Willie
3796,Willis
3797,Willy
3798,Wilmar
3799,Wilmer
3800,Wilt
3801,Wilton
3802,Win
3803,Windham
3804,Winfield
3805,Winfred
3806,Winifield
3807,Winn
3808,Winnie
3809,Winny
3810,Winslow
3811,Winston
3812,Winthrop
3813,Wit
3814,Wittie
3815,Witty
3816,Wolf
3817,Wolfgang
3818,Wolfie
3819,Wolfy
3820,Wood
3821,Woodie
3822,Woodman
3823,Woodrow
3824,Woody
3825,Worden
3826,Worth
3827,Worthington
3828,Worthy
3829,Wright
3830,Wyatan
3831,Wyatt
3832,Wye
3833,Wylie
3834,Wyn
3835,Wyndham
3836,Wynn
3837,Xavier
3838,Xenos
3839,Xerxes
3840,Xever
3841,Ximenes
3842,Ximenez
3843,Xymenes
3844,Yale
3845,Yanaton
3846,Yance
3847,Yancey
3848,Yancy
3849,Yank
3850,Yankee
3851,Yard
3852,Yardley
3853,Yehudi
3854,Yehudit
3855,Yorgo
3856,Yorgos
3857,York
3858,Yorke
3859,Yorker
3860,Yul
3861,Yule
3862,Yulma
3863,Yuma
3864,Yuri
3865,Yurik
3866,Yves
3867,Yvon
3868,Yvor
3869,Zaccaria
3870,Zach
3871,Zacharia
3872,Zachariah
3873,Zacharias
3874,Zacharie
3875,Zachary
3876,Zacherie
3877,Zachery
3878,Zack
3879,Zackariah
3880,Zak
3881,Zane
3882,Zared
3883,Zeb
3884,Zebadiah
3885,Zebedee
3886,Zebulen
3887,Zebulon
3888,Zechariah
3889,Zed
3890,Zedekiah
3891,Zeke
3892,Zelig
3893,Zerk
3894,Zollie
3895,Zolly
